Name,RF COMBINED GVT BMK BID YLD 3M - RED. YIELD
01/01/2003,4.003
02/01/2003,4.024
03/01/2003,4.06
06/01/2003,4.119
07/01/2003,4.08
08/01/2003,4.08
09/01/2003,4.108
10/01/2003,4.108
13/01/2003,4.146
14/01/2003,4.096
15/01/2003,4.037
16/01/2003,4.037
17/01/2003,4.042
20/01/2003,4.077
21/01/2003,4.077
22/01/2003,4.03
23/01/2003,4.09
24/01/2003,4.083
27/01/2003,4.059
28/01/2003,4.051
29/01/2003,4.051
30/01/2003,4.024
31/01/2003,4.074
03/02/2003,4.074
04/02/2003,4.079
05/02/2003,4.041
06/02/2003,4.083
07/02/2003,4.089
10/02/2003,4.089
11/02/2003,4.089
12/02/2003,3.901
13/02/2003,3.88
14/02/2003,3.88
17/02/2003,3.88
18/02/2003,3.903
19/02/2003,3.856
20/02/2003,3.856
21/02/2003,3.831
24/02/2003,3.788
25/02/2003,3.814
26/02/2003,3.814
27/02/2003,3.793
28/02/2003,3.793
03/03/2003,3.806
04/03/2003,3.714
05/03/2003,3.769
06/03/2003,3.735
07/03/2003,3.733
10/03/2003,3.753
11/03/2003,3.753
12/03/2003,3.758
13/03/2003,3.749
14/03/2003,3.759
17/03/2003,3.697
18/03/2003,3.76
19/03/2003,3.699
20/03/2003,3.756
21/03/2003,3.792
24/03/2003,3.756
25/03/2003,3.704
26/03/2003,3.707
27/03/2003,3.707
28/03/2003,3.661
31/03/2003,3.793
01/04/2003,3.793
02/04/2003,3.793
03/04/2003,3.793
04/04/2003,3.794
07/04/2003,3.806
08/04/2003,3.806
09/04/2003,3.803
10/04/2003,3.814
11/04/2003,3.741
14/04/2003,3.791
15/04/2003,3.709
16/04/2003,3.755
17/04/2003,3.755
18/04/2003,3.755
21/04/2003,3.755
22/04/2003,3.751
23/04/2003,3.746
24/04/2003,3.728
25/04/2003,3.661
28/04/2003,3.648
29/04/2003,3.648
30/04/2003,3.648
01/05/2003,3.648
02/05/2003,3.626
05/05/2003,3.659
06/05/2003,3.633
07/05/2003,3.633
08/05/2003,3.633
09/05/2003,3.397
12/05/2003,3.362
13/05/2003,3.389
14/05/2003,3.385
15/05/2003,3.405
16/05/2003,3.385
19/05/2003,3.348
20/05/2003,3.384
21/05/2003,3.369
22/05/2003,3.401
23/05/2003,3.363
26/05/2003,3.341
27/05/2003,3.349
28/05/2003,3.332
29/05/2003,3.332
30/05/2003,3.329
02/06/2003,3.314
03/06/2003,3.179
04/06/2003,3.126
05/06/2003,3.059
06/06/2003,3.098
09/06/2003,3.098
10/06/2003,3.016
11/06/2003,3.042
12/06/2003,3.036
13/06/2003,3.048
16/06/2003,2.922
17/06/2003,2.945
18/06/2003,2.906
19/06/2003,2.958
20/06/2003,2.925
23/06/2003,2.955
24/06/2003,2.948
25/06/2003,2.833
26/06/2003,2.878
27/06/2003,2.915
30/06/2003,2.903
01/07/2003,2.813
02/07/2003,2.814
03/07/2003,2.81
04/07/2003,2.809
07/07/2003,2.809
08/07/2003,2.819
09/07/2003,2.805
10/07/2003,2.805
11/07/2003,2.74
14/07/2003,2.691
15/07/2003,2.693
16/07/2003,2.693
17/07/2003,2.8
18/07/2003,2.792
21/07/2003,2.793
22/07/2003,2.805
23/07/2003,2.79
24/07/2003,2.79
25/07/2003,2.774
28/07/2003,2.771
29/07/2003,2.789
30/07/2003,2.786
31/07/2003,2.758
01/08/2003,2.777
04/08/2003,2.808
05/08/2003,2.837
06/08/2003,2.904
07/08/2003,2.808
08/08/2003,2.791
11/08/2003,2.761
12/08/2003,2.735
13/08/2003,2.779
14/08/2003,2.65
15/08/2003,2.66
18/08/2003,2.464
19/08/2003,2.498
20/08/2003,2.487
21/08/2003,2.488
22/08/2003,2.49
25/08/2003,2.485
26/08/2003,2.504
27/08/2003,2.506
28/08/2003,2.512
29/08/2003,2.485
01/09/2003,2.471
02/09/2003,2.455
03/09/2003,2.444
04/09/2003,2.443
05/09/2003,2.443
08/09/2003,2.436
09/09/2003,2.424
10/09/2003,2.429
11/09/2003,2.434
12/09/2003,2.403
15/09/2003,2.357
16/09/2003,2.346
17/09/2003,2.331
18/09/2003,2.314
19/09/2003,2.321
22/09/2003,2.335
23/09/2003,2.335
24/09/2003,2.335
25/09/2003,2.329
26/09/2003,2.329
29/09/2003,2.337
30/09/2003,2.337
01/10/2003,2.347
02/10/2003,2.343
03/10/2003,2.348
06/10/2003,2.348
07/10/2003,2.384
08/10/2003,2.396
09/10/2003,2.404
10/10/2003,2.403
13/10/2003,2.389
14/10/2003,2.392
15/10/2003,2.405
16/10/2003,2.409
17/10/2003,2.43
20/10/2003,2.429
21/10/2003,2.413
22/10/2003,2.416
23/10/2003,2.41
24/10/2003,2.409
27/10/2003,2.401
28/10/2003,2.402
29/10/2003,2.371
30/10/2003,2.373
31/10/2003,2.37
03/11/2003,2.394
04/11/2003,2.397
05/11/2003,2.408
06/11/2003,2.414
07/11/2003,2.422
10/11/2003,2.422
11/11/2003,2.422
12/11/2003,2.426
13/11/2003,2.422
14/11/2003,2.421
17/11/2003,2.413
18/11/2003,2.404
19/11/2003,2.394
20/11/2003,2.401
21/11/2003,2.397
24/11/2003,2.401
25/11/2003,2.405
26/11/2003,2.406
27/11/2003,2.378
28/11/2003,2.355
01/12/2003,2.364
02/12/2003,2.364
03/12/2003,2.376
04/12/2003,2.377
05/12/2003,2.369
08/12/2003,2.371
09/12/2003,2.358
10/12/2003,2.319
11/12/2003,2.319
12/12/2003,2.293
15/12/2003,2.277
16/12/2003,2.263
17/12/2003,2.174
18/12/2003,2.143
19/12/2003,2.15
22/12/2003,2.148
23/12/2003,2.139
24/12/2003,2.139
25/12/2003,2.139
26/12/2003,2.139
29/12/2003,2.134
30/12/2003,2.139
31/12/2003,2.139
01/01/2004,2.139
02/01/2004,2.131
05/01/2004,2.12
06/01/2004,2.136
07/01/2004,2.125
08/01/2004,2.119
09/01/2004,2.048
12/01/2004,2.074
13/01/2004,2.053
14/01/2004,2.055
15/01/2004,2.057
16/01/2004,2.06
19/01/2004,2.056
20/01/2004,2.056
21/01/2004,2.078
22/01/2004,2.109
23/01/2004,2.088
26/01/2004,2.091
27/01/2004,2.087
28/01/2004,2.055
29/01/2004,2.069
30/01/2004,2.053
02/02/2004,2.033
03/02/2004,2.033
04/02/2004,2.053
05/02/2004,2.053
06/02/2004,2.059
09/02/2004,2.067
10/02/2004,1.958
11/02/2004,1.912
12/02/2004,1.913
13/02/2004,1.901
16/02/2004,1.893
17/02/2004,1.9
18/02/2004,1.894
19/02/2004,1.901
20/02/2004,1.889
23/02/2004,1.889
24/02/2004,1.889
25/02/2004,1.888
26/02/2004,1.891
27/02/2004,1.864
01/03/2004,1.885
02/03/2004,1.888
03/03/2004,1.902
04/03/2004,1.88
05/03/2004,1.877
08/03/2004,1.852
09/03/2004,1.851
10/03/2004,1.821
11/03/2004,1.872
12/03/2004,1.904
15/03/2004,1.88
16/03/2004,1.866
17/03/2004,1.853
18/03/2004,1.866
19/03/2004,1.873
22/03/2004,1.876
23/03/2004,1.871
24/03/2004,1.866
25/03/2004,1.866
26/03/2004,1.87
29/03/2004,1.886
30/03/2004,1.892
31/03/2004,1.879
01/04/2004,1.883
02/04/2004,1.907
05/04/2004,1.907
06/04/2004,1.888
07/04/2004,1.889
08/04/2004,1.889
09/04/2004,1.889
12/04/2004,1.889
13/04/2004,1.944
14/04/2004,1.943
15/04/2004,1.943
16/04/2004,1.953
19/04/2004,1.948
20/04/2004,1.938
21/04/2004,1.928
22/04/2004,1.928
23/04/2004,1.91
26/04/2004,1.927
27/04/2004,1.919
28/04/2004,1.926
29/04/2004,1.929
30/04/2004,1.92
03/05/2004,1.911
04/05/2004,1.905
05/05/2004,1.918
06/05/2004,1.921
07/05/2004,1.92
10/05/2004,1.903
11/05/2004,1.903
12/05/2004,1.907
13/05/2004,1.917
14/05/2004,1.916
17/05/2004,1.916
18/05/2004,1.913
19/05/2004,1.931
20/05/2004,1.931
21/05/2004,1.923
24/05/2004,1.939
25/05/2004,1.931
26/05/2004,1.924
27/05/2004,1.93
28/05/2004,1.921
31/05/2004,1.921
01/06/2004,1.935
02/06/2004,1.934
03/06/2004,1.938
04/06/2004,1.938
07/06/2004,1.943
08/06/2004,1.943
09/06/2004,1.942
10/06/2004,1.937
11/06/2004,1.935
14/06/2004,1.937
15/06/2004,1.926
16/06/2004,1.926
17/06/2004,1.925
18/06/2004,1.931
21/06/2004,1.925
22/06/2004,1.925
23/06/2004,1.913
24/06/2004,1.917
25/06/2004,1.935
28/06/2004,1.923
29/06/2004,1.947
30/06/2004,1.969
01/07/2004,1.966
02/07/2004,1.964
05/07/2004,1.965
06/07/2004,1.985
07/07/2004,1.985
08/07/2004,1.969
09/07/2004,1.969
12/07/2004,1.969
13/07/2004,1.969
14/07/2004,1.964
15/07/2004,1.979
16/07/2004,1.979
19/07/2004,1.995
20/07/2004,1.994
21/07/2004,2.006
22/07/2004,1.994
23/07/2004,1.985
26/07/2004,1.977
27/07/2004,1.97
28/07/2004,1.966
29/07/2004,1.967
30/07/2004,1.962
02/08/2004,1.963
03/08/2004,1.964
04/08/2004,1.962
05/08/2004,1.969
06/08/2004,1.972
09/08/2004,1.969
10/08/2004,1.969
11/08/2004,1.96
12/08/2004,1.969
13/08/2004,1.962
16/08/2004,1.962
17/08/2004,1.957
18/08/2004,1.958
19/08/2004,1.94
20/08/2004,1.958
23/08/2004,1.956
24/08/2004,1.968
25/08/2004,1.967
26/08/2004,1.965
27/08/2004,1.948
30/08/2004,1.956
31/08/2004,1.944
01/09/2004,1.948
02/09/2004,1.952
03/09/2004,1.952
06/09/2004,1.953
07/09/2004,1.952
08/09/2004,1.931
09/09/2004,1.946
10/09/2004,1.917
13/09/2004,1.911
14/09/2004,1.885
15/09/2004,1.874
16/09/2004,1.887
17/09/2004,1.881
20/09/2004,1.881
21/09/2004,1.881
22/09/2004,1.924
23/09/2004,1.925
24/09/2004,1.925
27/09/2004,1.924
28/09/2004,1.925
29/09/2004,1.927
30/09/2004,1.947
01/10/2004,1.96
04/10/2004,1.965
05/10/2004,1.949
06/10/2004,1.954
07/10/2004,1.947
08/10/2004,1.938
11/10/2004,1.961
12/10/2004,1.961
13/10/2004,1.962
14/10/2004,1.961
15/10/2004,1.963
18/10/2004,1.954
19/10/2004,1.954
20/10/2004,1.953
21/10/2004,1.954
22/10/2004,1.954
25/10/2004,1.958
26/10/2004,1.958
27/10/2004,1.959
28/10/2004,1.959
29/10/2004,1.959
01/11/2004,1.957
02/11/2004,1.93
03/11/2004,1.93
04/11/2004,1.933
05/11/2004,1.946
08/11/2004,1.957
09/11/2004,1.957
10/11/2004,1.96
11/11/2004,1.933
12/11/2004,1.933
15/11/2004,1.94
16/11/2004,1.942
17/11/2004,1.942
18/11/2004,1.94
19/11/2004,1.939
22/11/2004,1.939
23/11/2004,1.939
24/11/2004,1.943
25/11/2004,1.956
26/11/2004,1.965
29/11/2004,1.956
30/11/2004,1.912
01/12/2004,1.938
02/12/2004,1.966
03/12/2004,1.957
06/12/2004,1.966
07/12/2004,1.966
08/12/2004,1.947
09/12/2004,1.957
10/12/2004,1.947
13/12/2004,1.958
14/12/2004,1.947
15/12/2004,1.937
16/12/2004,1.947
17/12/2004,1.936
20/12/2004,1.947
21/12/2004,1.936
22/12/2004,1.935
23/12/2004,1.947
24/12/2004,1.947
27/12/2004,1.935
28/12/2004,1.922
29/12/2004,1.921
30/12/2004,1.934
31/12/2004,1.934
03/01/2005,1.92
04/01/2005,1.944
05/01/2005,1.922
06/01/2005,1.929
07/01/2005,1.94
10/01/2005,1.93
11/01/2005,1.927
12/01/2005,1.932
13/01/2005,1.909
14/01/2005,1.921
17/01/2005,1.911
18/01/2005,1.939
19/01/2005,1.912
20/01/2005,1.921
21/01/2005,1.915
24/01/2005,1.923
25/01/2005,1.916
26/01/2005,1.925
27/01/2005,1.895
28/01/2005,1.929
31/01/2005,1.902
01/02/2005,1.934
02/02/2005,1.949
03/02/2005,1.936
04/02/2005,1.953
07/02/2005,1.944
08/02/2005,1.956
09/02/2005,1.919
10/02/2005,1.913
11/02/2005,1.92
14/02/2005,1.943
15/02/2005,1.955
16/02/2005,1.946
17/02/2005,1.921
18/02/2005,1.952
21/02/2005,1.897
22/02/2005,1.955
23/02/2005,1.896
24/02/2005,1.961
25/02/2005,1.889
28/02/2005,1.963
01/03/2005,1.885
02/03/2005,1.96
03/03/2005,1.963
04/03/2005,1.946
07/03/2005,1.938
08/03/2005,1.948
09/03/2005,1.95
10/03/2005,1.953
11/03/2005,1.945
14/03/2005,1.976
15/03/2005,1.957
16/03/2005,1.896
17/03/2005,1.919
18/03/2005,1.921
21/03/2005,1.922
22/03/2005,1.933
23/03/2005,1.929
24/03/2005,1.942
25/03/2005,1.932
28/03/2005,1.956
29/03/2005,1.931
30/03/2005,1.909
31/03/2005,1.937
01/04/2005,1.912
04/04/2005,1.939
05/04/2005,1.917
06/04/2005,1.909
07/04/2005,1.948
08/04/2005,1.954
11/04/2005,1.98
12/04/2005,1.957
13/04/2005,1.932
14/04/2005,1.962
15/04/2005,1.969
18/04/2005,1.944
19/04/2005,1.939
20/04/2005,1.946
21/04/2005,1.944
22/04/2005,1.952
25/04/2005,1.984
26/04/2005,1.994
27/04/2005,1.925
28/04/2005,1.962
29/04/2005,1.929
02/05/2005,1.921
03/05/2005,1.955
04/05/2005,1.918
05/05/2005,1.962
06/05/2005,1.95
09/05/2005,1.965
10/05/2005,1.954
11/05/2005,1.97
12/05/2005,1.932
13/05/2005,1.915
16/05/2005,1.901
17/05/2005,1.887
18/05/2005,1.939
19/05/2005,1.969
20/05/2005,2.033
23/05/2005,1.924
24/05/2005,1.953
25/05/2005,2.024
26/05/2005,1.964
27/05/2005,2.009
30/05/2005,1.991
31/05/2005,1.881
01/06/2005,1.933
02/06/2005,2.006
03/06/2005,2.008
06/06/2005,2.009
07/06/2005,2.011
08/06/2005,1.976
09/06/2005,2.037
10/06/2005,2.039
13/06/2005,2.041
14/06/2005,2.024
15/06/2005,2.026
16/06/2005,2.013
17/06/2005,2.176
20/06/2005,2.017
21/06/2005,2.164
22/06/2005,2.084
23/06/2005,2.113
24/06/2005,1.963
27/06/2005,1.942
28/06/2005,2.136
29/06/2005,1.968
30/06/2005,2.117
01/07/2005,2.136
04/07/2005,2.135
05/07/2005,2.132
06/07/2005,2.018
07/07/2005,2.114
08/07/2005,2.139
11/07/2005,2.159
12/07/2005,2.148
13/07/2005,2.038
14/07/2005,2.161
15/07/2005,2.154
18/07/2005,2.048
19/07/2005,2.025
20/07/2005,2.202
21/07/2005,2.036
22/07/2005,2.044
25/07/2005,2.042
26/07/2005,2.203
27/07/2005,2.22
28/07/2005,2.212
29/07/2005,2.181
01/08/2005,2.035
02/08/2005,2.215
03/08/2005,2.043
04/08/2005,2.218
05/08/2005,2.059
08/08/2005,2.229
09/08/2005,2.243
10/08/2005,2.234
11/08/2005,2.058
12/08/2005,2.053
15/08/2005,2.199
16/08/2005,2.1
17/08/2005,2.187
18/08/2005,2.186
19/08/2005,2.092
22/08/2005,2.076
23/08/2005,2.106
24/08/2005,2.089
25/08/2005,2.192
26/08/2005,2.098
29/08/2005,2.208
30/08/2005,2.218
31/08/2005,2.199
01/09/2005,2.212
02/09/2005,2.182
05/09/2005,2.196
06/09/2005,2.152
07/09/2005,2.181
08/09/2005,2.2
09/09/2005,2.182
12/09/2005,2.118
13/09/2005,2.14
14/09/2005,2.143
15/09/2005,2.133
16/09/2005,2.157
19/09/2005,2.161
20/09/2005,2.187
21/09/2005,2.196
22/09/2005,2.136
23/09/2005,2.14
26/09/2005,2.144
27/09/2005,2.148
28/09/2005,2.151
29/09/2005,2.116
30/09/2005,2.144
03/10/2005,2.147
04/10/2005,2.152
05/10/2005,2.156
06/10/2005,2.164
07/10/2005,2.145
10/10/2005,2.152
11/10/2005,2.18
12/10/2005,2.188
13/10/2005,2.199
14/10/2005,2.187
17/10/2005,2.158
18/10/2005,2.189
19/10/2005,2.198
20/10/2005,2.156
21/10/2005,2.189
24/10/2005,2.132
25/10/2005,2.166
26/10/2005,2.166
27/10/2005,2.189
28/10/2005,2.189
31/10/2005,2.226
01/11/2005,2.204
02/11/2005,2.256
03/11/2005,2.271
04/11/2005,2.265
07/11/2005,2.382
08/11/2005,2.408
09/11/2005,2.406
10/11/2005,2.395
11/11/2005,2.404
14/11/2005,2.319
15/11/2005,2.412
16/11/2005,2.411
17/11/2005,2.408
18/11/2005,2.421
21/11/2005,2.384
22/11/2005,2.364
23/11/2005,2.367
24/11/2005,2.427
25/11/2005,2.38
28/11/2005,2.409
29/11/2005,2.465
30/11/2005,2.446
01/12/2005,2.406
02/12/2005,2.394
05/12/2005,2.465
06/12/2005,2.455
07/12/2005,2.464
08/12/2005,2.454
09/12/2005,2.387
12/12/2005,2.463
13/12/2005,2.463
14/12/2005,2.443
15/12/2005,2.452
16/12/2005,2.441
19/12/2005,2.42
20/12/2005,2.431
21/12/2005,2.42
22/12/2005,2.408
23/12/2005,2.386
26/12/2005,2.377
27/12/2005,2.315
28/12/2005,2.385
29/12/2005,2.359
30/12/2005,2.346
02/01/2006,2.354
03/01/2006,2.298
04/01/2006,2.415
05/01/2006,2.414
06/01/2006,2.344
09/01/2006,2.435
10/01/2006,2.34
11/01/2006,2.357
12/01/2006,2.401
13/01/2006,2.423
16/01/2006,2.37
17/01/2006,2.4
18/01/2006,2.422
19/01/2006,2.434
20/01/2006,2.356
23/01/2006,2.374
24/01/2006,2.421
25/01/2006,2.389
26/01/2006,2.434
27/01/2006,2.434
30/01/2006,2.437
31/01/2006,2.389
01/02/2006,2.453
02/02/2006,2.448
03/02/2006,2.45
06/02/2006,2.464
07/02/2006,2.457
08/02/2006,2.47
09/02/2006,2.457
10/02/2006,2.43
13/02/2006,2.455
14/02/2006,2.457
15/02/2006,2.445
16/02/2006,2.461
17/02/2006,2.454
20/02/2006,2.47
21/02/2006,2.477
22/02/2006,2.47
23/02/2006,2.506
24/02/2006,2.521
27/02/2006,2.559
28/02/2006,2.532
01/03/2006,2.555
02/03/2006,2.558
03/03/2006,2.583
06/03/2006,2.572
07/03/2006,2.579
08/03/2006,2.568
09/03/2006,2.571
10/03/2006,2.599
13/03/2006,2.606
14/03/2006,2.595
15/03/2006,2.583
16/03/2006,2.587
17/03/2006,2.617
20/03/2006,2.626
21/03/2006,2.613
22/03/2006,2.601
23/03/2006,2.606
24/03/2006,2.61
27/03/2006,2.602
28/03/2006,2.612
29/03/2006,2.646
30/03/2006,2.653
31/03/2006,2.664
03/04/2006,2.705
04/04/2006,2.693
05/04/2006,2.681
06/04/2006,2.67
07/04/2006,2.657
10/04/2006,2.644
11/04/2006,2.646
12/04/2006,2.66
13/04/2006,2.675
14/04/2006,2.675
17/04/2006,2.675
18/04/2006,2.661
19/04/2006,2.638
20/04/2006,2.655
21/04/2006,2.662
24/04/2006,2.647
25/04/2006,2.671
26/04/2006,2.672
27/04/2006,2.666
28/04/2006,2.687
01/05/2006,2.687
02/05/2006,2.75
03/05/2006,2.74
04/05/2006,2.732
05/05/2006,2.752
08/05/2006,2.801
09/05/2006,2.808
10/05/2006,2.799
11/05/2006,2.809
12/05/2006,2.8
15/05/2006,2.788
16/05/2006,2.774
17/05/2006,2.789
18/05/2006,2.778
19/05/2006,2.79
22/05/2006,2.796
23/05/2006,2.805
24/05/2006,2.822
25/05/2006,2.827
26/05/2006,2.794
29/05/2006,2.848
30/05/2006,2.875
31/05/2006,2.867
01/06/2006,2.929
02/06/2006,2.921
05/06/2006,2.917
06/06/2006,2.909
07/06/2006,2.902
08/06/2006,2.782
09/06/2006,2.789
12/06/2006,2.879
13/06/2006,2.89
14/06/2006,2.902
15/06/2006,2.875
16/06/2006,2.845
19/06/2006,2.857
20/06/2006,2.847
21/06/2006,2.859
22/06/2006,2.851
23/06/2006,2.864
26/06/2006,2.876
27/06/2006,2.889
28/06/2006,2.902
29/06/2006,2.895
30/06/2006,2.885
03/07/2006,2.92
04/07/2006,2.91
05/07/2006,2.901
06/07/2006,2.917
07/07/2006,2.908
10/07/2006,2.945
11/07/2006,2.935
12/07/2006,2.925
13/07/2006,2.936
14/07/2006,2.937
17/07/2006,2.924
18/07/2006,2.943
19/07/2006,2.946
20/07/2006,2.922
21/07/2006,2.91
24/07/2006,2.955
25/07/2006,2.944
26/07/2006,2.932
27/07/2006,2.956
28/07/2006,2.943
31/07/2006,2.931
01/08/2006,2.991
02/08/2006,2.992
03/08/2006,3.004
04/08/2006,3.034
07/08/2006,3.042
08/08/2006,3.03
09/08/2006,3.065
10/08/2006,3.1
11/08/2006,3.088
14/08/2006,3.076
15/08/2006,3.063
16/08/2006,3.093
17/08/2006,3.089
18/08/2006,3.075
21/08/2006,3.06
22/08/2006,3.114
23/08/2006,3.099
24/08/2006,3.073
25/08/2006,3.054
28/08/2006,3.124
29/08/2006,3.083
30/08/2006,3.088
31/08/2006,3.045
01/09/2006,3.117
04/09/2006,3.167
05/09/2006,3.144
06/09/2006,3.117
07/09/2006,3.233
08/09/2006,3.204
11/09/2006,3.143
12/09/2006,3.097
13/09/2006,3.053
14/09/2006,3.045
15/09/2006,3.042
18/09/2006,3.258
19/09/2006,3.253
20/09/2006,3.248
21/09/2006,3.254
22/09/2006,3.248
25/09/2006,3.289
26/09/2006,3.261
27/09/2006,3.278
28/09/2006,3.262
29/09/2006,3.256
02/10/2006,3.32
03/10/2006,3.315
04/10/2006,3.311
05/10/2006,3.296
06/10/2006,3.318
09/10/2006,3.313
10/10/2006,3.328
11/10/2006,3.323
12/10/2006,3.308
13/10/2006,3.325
16/10/2006,3.327
17/10/2006,3.322
18/10/2006,3.317
19/10/2006,3.332
20/10/2006,3.35
23/10/2006,3.379
24/10/2006,3.374
25/10/2006,3.369
26/10/2006,3.353
27/10/2006,3.373
30/10/2006,3.424
31/10/2006,3.419
01/11/2006,3.438
02/11/2006,3.443
03/11/2006,3.439
06/11/2006,3.434
07/11/2006,3.433
08/11/2006,3.424
09/11/2006,3.46
10/11/2006,3.475
13/11/2006,3.451
14/11/2006,3.467
15/11/2006,3.462
16/11/2006,3.446
17/11/2006,3.444
20/11/2006,3.434
21/11/2006,3.449
22/11/2006,3.443
23/11/2006,3.439
24/11/2006,3.438
27/11/2006,3.491
28/11/2006,3.485
29/11/2006,3.484
30/11/2006,3.455
01/12/2006,3.446
04/12/2006,3.469
05/12/2006,3.458
06/12/2006,3.444
07/12/2006,3.618
08/12/2006,3.618
11/12/2006,3.617
12/12/2006,3.616
13/12/2006,3.615
14/12/2006,3.612
15/12/2006,3.611
18/12/2006,3.61
19/12/2006,3.68
20/12/2006,3.657
21/12/2006,3.642
22/12/2006,3.664
25/12/2006,3.664
26/12/2006,3.664
27/12/2006,3.674
28/12/2006,3.695
29/12/2006,3.682
01/01/2007,3.682
02/01/2007,3.702
03/01/2007,3.701
04/01/2007,3.688
05/01/2007,3.719
08/01/2007,3.719
09/01/2007,3.707
10/01/2007,3.719
11/01/2007,3.718
12/01/2007,3.718
15/01/2007,3.718
16/01/2007,3.717
17/01/2007,3.704
18/01/2007,3.716
19/01/2007,3.716
22/01/2007,3.716
23/01/2007,3.716
24/01/2007,3.768
25/01/2007,3.796
26/01/2007,3.796
29/01/2007,3.86
30/01/2007,3.861
31/01/2007,3.862
01/02/2007,3.865
02/02/2007,3.866
05/02/2007,3.867
06/02/2007,3.868
07/02/2007,3.869
08/02/2007,3.873
09/02/2007,3.866
12/02/2007,3.876
13/02/2007,3.877
14/02/2007,4.365
15/02/2007,4.64
16/02/2007,4.411
19/02/2007,3.902
20/02/2007,4.427
21/02/2007,4.726
22/02/2007,4.487
23/02/2007,4.497
26/02/2007,3.947
27/02/2007,3.966
28/02/2007,3.951
01/03/2007,3.975
02/03/2007,3.978
05/03/2007,3.98
06/03/2007,4.095
07/03/2007,3.985
08/03/2007,3.994
09/03/2007,4.036
12/03/2007,4.039
13/03/2007,4.022
14/03/2007,4.046
15/03/2007,3.994
16/03/2007,4.019
19/03/2007,4.032
20/03/2007,4.026
21/03/2007,4.029
22/03/2007,4.04
23/03/2007,4.033
26/03/2007,4.048
27/03/2007,4.076
28/03/2007,4.08
29/03/2007,4.046
30/03/2007,4.05
02/04/2007,4.076
03/04/2007,4.093
04/04/2007,4.071
05/04/2007,4.072
06/04/2007,4.072
09/04/2007,4.072
10/04/2007,4.08
11/04/2007,4.085
12/04/2007,4.08
13/04/2007,4.086
16/04/2007,4.091
17/04/2007,4.098
18/04/2007,4.104
19/04/2007,4.123
20/04/2007,4.13
23/04/2007,4.137
24/04/2007,4.109
25/04/2007,4.081
26/04/2007,4.064
27/04/2007,4.078
30/04/2007,4.119
01/05/2007,4.119
02/05/2007,4.108
03/05/2007,4.087
04/05/2007,4.094
07/05/2007,4.102
08/05/2007,4.11
09/05/2007,4.07
10/05/2007,4.093
11/05/2007,4.093
14/05/2007,4.111
15/05/2007,4.129
16/05/2007,4.095
17/05/2007,4.1
18/05/2007,4.089
21/05/2007,4.122
22/05/2007,4.133
23/05/2007,4.146
24/05/2007,4.183
25/05/2007,4.223
28/05/2007,4.226
29/05/2007,4.246
30/05/2007,4.313
31/05/2007,4.271
01/06/2007,4.295
04/06/2007,4.308
05/06/2007,4.318
06/06/2007,4.305
07/06/2007,4.323
08/06/2007,4.33
11/06/2007,4.335
12/06/2007,4.342
13/06/2007,4.329
14/06/2007,4.331
15/06/2007,4.335
18/06/2007,4.299
19/06/2007,4.284
20/06/2007,4.269
21/06/2007,4.289
22/06/2007,4.273
25/06/2007,4.28
26/06/2007,4.264
27/06/2007,4.294
28/06/2007,4.293
29/06/2007,4.3
02/07/2007,4.309
03/07/2007,4.319
04/07/2007,4.301
05/07/2007,4.297
06/07/2007,4.324
09/07/2007,4.312
10/07/2007,4.32
11/07/2007,4.338
12/07/2007,4.355
13/07/2007,4.334
16/07/2007,4.337
17/07/2007,4.354
18/07/2007,4.335
19/07/2007,4.342
20/07/2007,4.347
23/07/2007,4.357
24/07/2007,4.328
25/07/2007,4.341
26/07/2007,4.352
27/07/2007,4.364
30/07/2007,4.355
31/07/2007,4.374
01/08/2007,4.377
02/08/2007,4.397
03/08/2007,4.412
06/08/2007,4.396
07/08/2007,4.39
08/08/2007,4.371
09/08/2007,4.398
10/08/2007,4.394
13/08/2007,4.389
14/08/2007,4.35
15/08/2007,4.365
16/08/2007,4.333
17/08/2007,4.308
20/08/2007,4.327
21/08/2007,4.432
22/08/2007,4.478
23/08/2007,4.483
24/08/2007,4.432
27/08/2007,4.457
28/08/2007,4.412
29/08/2007,4.412
30/08/2007,4.452
31/08/2007,4.405
03/09/2007,4.441
04/09/2007,4.43
05/09/2007,4.456
06/09/2007,4.498
07/09/2007,4.466
10/09/2007,4.414
11/09/2007,4.442
12/09/2007,4.429
13/09/2007,4.453
14/09/2007,4.461
17/09/2007,4.469
18/09/2007,4.434
19/09/2007,4.399
20/09/2007,4.4
21/09/2007,4.363
24/09/2007,4.371
25/09/2007,4.403
26/09/2007,4.482
27/09/2007,4.536
28/09/2007,4.547
01/10/2007,4.516
02/10/2007,4.526
03/10/2007,4.536
04/10/2007,4.524
05/10/2007,4.535
08/10/2007,4.565
09/10/2007,4.53
10/10/2007,4.484
11/10/2007,4.578
12/10/2007,4.53
15/10/2007,4.542
16/10/2007,4.524
17/10/2007,4.6
18/10/2007,4.544
19/10/2007,4.523
22/10/2007,4.516
23/10/2007,4.495
24/10/2007,4.508
25/10/2007,4.576
26/10/2007,4.53
29/10/2007,4.521
30/10/2007,4.577
31/10/2007,4.553
01/11/2007,4.604
02/11/2007,4.578
05/11/2007,4.55
06/11/2007,4.569
07/11/2007,4.588
08/11/2007,4.58
09/11/2007,4.548
12/11/2007,4.569
13/11/2007,4.649
14/11/2007,4.558
15/11/2007,4.569
16/11/2007,4.595
19/11/2007,4.554
20/11/2007,4.559
21/11/2007,4.588
22/11/2007,4.607
23/11/2007,4.555
26/11/2007,4.567
27/11/2007,4.702
28/11/2007,4.749
29/11/2007,4.685
30/11/2007,4.718
03/12/2007,4.802
04/12/2007,4.729
05/12/2007,4.805
06/12/2007,4.682
07/12/2007,5.033
10/12/2007,4.93
11/12/2007,4.793
12/12/2007,4.795
13/12/2007,4.67
14/12/2007,4.638
17/12/2007,4.627
18/12/2007,4.528
19/12/2007,4.536
20/12/2007,4.312
21/12/2007,4.431
24/12/2007,4.409
25/12/2007,4.409
26/12/2007,4.409
27/12/2007,4.479
28/12/2007,4.389
31/12/2007,4.677
01/01/2008,4.677
02/01/2008,4.585
03/01/2008,4.492
04/01/2008,4.532
07/01/2008,4.547
08/01/2008,4.587
09/01/2008,4.622
10/01/2008,4.609
11/01/2008,4.622
14/01/2008,4.996
15/01/2008,4.63
16/01/2008,4.719
17/01/2008,4.637
18/01/2008,4.687
21/01/2008,4.669
22/01/2008,4.642
23/01/2008,4.77
24/01/2008,4.699
25/01/2008,4.719
28/01/2008,4.699
29/01/2008,4.719
30/01/2008,4.87
31/01/2008,4.719
01/02/2008,4.743
04/02/2008,4.72
05/02/2008,4.717
06/02/2008,4.903
07/02/2008,4.776
08/02/2008,4.71
11/02/2008,4.758
12/02/2008,4.729
13/02/2008,4.953
14/02/2008,4.796
15/02/2008,4.775
18/02/2008,4.783
19/02/2008,4.803
20/02/2008,5.079
21/02/2008,4.843
22/02/2008,4.864
25/02/2008,4.88
26/02/2008,4.894
27/02/2008,5.28
28/02/2008,4.66
29/02/2008,4.646
03/03/2008,4.881
04/03/2008,4.902
05/03/2008,4.67
06/03/2008,4.678
07/03/2008,4.676
10/03/2008,4.937
11/03/2008,4.981
12/03/2008,5.271
13/03/2008,5.282
14/03/2008,4.992
17/03/2008,5.179
18/03/2008,4.878
19/03/2008,4.453
20/03/2008,4.454
21/03/2008,4.454
24/03/2008,4.454
25/03/2008,5.148
26/03/2008,4.402
27/03/2008,4.381
28/03/2008,4.383
31/03/2008,4.429
01/04/2008,4.458
02/04/2008,4.462
03/04/2008,4.492
04/04/2008,4.489
07/04/2008,4.528
08/04/2008,4.539
09/04/2008,4.569
10/04/2008,4.582
11/04/2008,4.601
14/04/2008,4.692
15/04/2008,4.722
16/04/2008,4.699
17/04/2008,4.718
18/04/2008,4.729
21/04/2008,4.737
22/04/2008,4.755
23/04/2008,4.759
24/04/2008,4.749
25/04/2008,4.759
28/04/2008,4.838
29/04/2008,4.841
30/04/2008,4.828
01/05/2008,4.828
02/05/2008,4.83
05/05/2008,4.831
06/05/2008,4.857
07/05/2008,4.859
08/05/2008,4.882
09/05/2008,4.866
12/05/2008,4.867
13/05/2008,4.891
14/05/2008,4.874
15/05/2008,4.886
16/05/2008,4.89
19/05/2008,4.895
20/05/2008,4.893
21/05/2008,4.908
22/05/2008,4.939
23/05/2008,4.948
26/05/2008,4.943
27/05/2008,4.968
28/05/2008,4.978
29/05/2008,4.994
30/05/2008,4.963
02/06/2008,4.978
03/06/2008,4.985
04/06/2008,5.007
05/06/2008,5.049
06/06/2008,5.072
09/06/2008,5.068
10/06/2008,5.027
11/06/2008,4.966
12/06/2008,5.47
13/06/2008,5.494
16/06/2008,5.497
17/06/2008,5.521
18/06/2008,5.01
19/06/2008,5.046
20/06/2008,5.073
23/06/2008,5.054
24/06/2008,5.058
25/06/2008,5.133
26/06/2008,5.138
27/06/2008,5.154
30/06/2008,5.165
01/07/2008,5.188
02/07/2008,5.225
03/07/2008,5.248
04/07/2008,5.197
07/07/2008,5.221
08/07/2008,5.208
09/07/2008,5.214
10/07/2008,5.24
11/07/2008,5.2
14/07/2008,5.556
15/07/2008,5.203
16/07/2008,5.549
17/07/2008,5.573
18/07/2008,5.2
21/07/2008,5.21
22/07/2008,5.205
23/07/2008,5.209
24/07/2008,5.183
25/07/2008,5.189
28/07/2008,5.291
29/07/2008,5.154
30/07/2008,5.157
31/07/2008,5.158
01/08/2008,5.341
04/08/2008,5.273
05/08/2008,5.117
06/08/2008,5.133
07/08/2008,5.122
08/08/2008,5.128
11/08/2008,5.2
12/08/2008,5.187
13/08/2008,5.181
14/08/2008,5.166
15/08/2008,5.166
18/08/2008,5.176
19/08/2008,5.185
20/08/2008,5.625
21/08/2008,5.154
22/08/2008,5.157
25/08/2008,5.16
26/08/2008,5.168
27/08/2008,5.167
28/08/2008,5.163
29/08/2008,5.167
01/09/2008,5.185
02/09/2008,5.197
03/09/2008,5.169
04/09/2008,5.205
05/09/2008,5.206
08/09/2008,5.205
09/09/2008,5.206
10/09/2008,5.187
11/09/2008,5.191
12/09/2008,5.177
15/09/2008,5.083
16/09/2008,4.962
17/09/2008,5.042
18/09/2008,4.806
19/09/2008,5.004
22/09/2008,5.068
23/09/2008,5.062
24/09/2008,5.012
25/09/2008,4.99
26/09/2008,4.883
29/09/2008,4.623
30/09/2008,4.383
01/10/2008,4.472
02/10/2008,4.425
03/10/2008,4.54
06/10/2008,4.223
07/10/2008,4.229
08/10/2008,3.972
09/10/2008,4.245
10/10/2008,3.576
13/10/2008,4.238
14/10/2008,4.429
15/10/2008,4.473
16/10/2008,4.388
17/10/2008,4.494
20/10/2008,4.544
21/10/2008,4.535
22/10/2008,4.467
23/10/2008,4.479
24/10/2008,4.42
27/10/2008,4.475
28/10/2008,4.537
29/10/2008,4.348
30/10/2008,4.384
31/10/2008,4.324
03/11/2008,4.319
04/11/2008,4.43
05/11/2008,4.421
06/11/2008,4.168
07/11/2008,4.155
10/11/2008,3.985
11/11/2008,3.939
12/11/2008,3.852
13/11/2008,3.787
14/11/2008,3.859
17/11/2008,3.836
18/11/2008,3.832
19/11/2008,3.882
20/11/2008,3.836
21/11/2008,3.724
24/11/2008,3.7
25/11/2008,3.722
26/11/2008,3.674
27/11/2008,3.649
28/11/2008,3.642
01/12/2008,3.624
02/12/2008,3.566
03/12/2008,3.51
04/12/2008,3.31
05/12/2008,3.286
08/12/2008,3.192
09/12/2008,3.096
10/12/2008,2.953
11/12/2008,2.928
12/12/2008,2.939
15/12/2008,2.952
16/12/2008,2.924
17/12/2008,2.593
18/12/2008,2.503
19/12/2008,2.5
22/12/2008,2.527
23/12/2008,2.523
24/12/2008,2.489
25/12/2008,2.489
26/12/2008,2.489
29/12/2008,2.351
30/12/2008,2.289
31/12/2008,2.289
01/01/2009,2.289
02/01/2009,2.368
05/01/2009,2.363
06/01/2009,2.38
07/01/2009,2.36
08/01/2009,2.38
09/01/2009,2.365
12/01/2009,2.398
13/01/2009,2.323
14/01/2009,2.172
15/01/2009,2.187
16/01/2009,2.484
19/01/2009,2.254
20/01/2009,2.147
21/01/2009,2.069
22/01/2009,2.036
23/01/2009,2.012
26/01/2009,2.027
27/01/2009,2.022
28/01/2009,2
29/01/2009,2.009
30/01/2009,2.004
02/02/2009,1.98
03/02/2009,1.978
04/02/2009,1.967
05/02/2009,1.947
06/02/2009,1.927
09/02/2009,1.965
10/02/2009,1.938
11/02/2009,1.908
12/02/2009,1.877
13/02/2009,1.865
16/02/2009,1.853
17/02/2009,1.874
18/02/2009,1.897
19/02/2009,1.91
20/02/2009,1.915
23/02/2009,1.803
24/02/2009,1.719
25/02/2009,1.718
26/02/2009,1.717
27/02/2009,1.642
02/03/2009,1.632
03/03/2009,1.603
04/03/2009,1.565
05/03/2009,1.575
06/03/2009,1.572
09/03/2009,1.588
10/03/2009,1.577
11/03/2009,1.603
12/03/2009,1.636
13/03/2009,1.613
16/03/2009,1.63
17/03/2009,1.619
18/03/2009,1.606
19/03/2009,1.598
20/03/2009,1.552
23/03/2009,1.548
24/03/2009,1.622
25/03/2009,1.516
26/03/2009,1.504
27/03/2009,1.476
30/03/2009,1.472
31/03/2009,1.491
01/04/2009,1.474
02/04/2009,1.523
03/04/2009,1.494
06/04/2009,1.464
07/04/2009,1.484
08/04/2009,1.503
09/04/2009,1.481
10/04/2009,1.481
13/04/2009,1.481
14/04/2009,1.504
15/04/2009,1.521
16/04/2009,1.618
17/04/2009,1.625
20/04/2009,1.525
21/04/2009,1.504
22/04/2009,1.506
23/04/2009,1.503
24/04/2009,1.483
27/04/2009,1.464
28/04/2009,1.433
29/04/2009,1.42
30/04/2009,1.435
01/05/2009,1.435
04/05/2009,1.43
05/05/2009,1.395
06/05/2009,1.308
07/05/2009,1.3
08/05/2009,1.232
11/05/2009,1.234
12/05/2009,1.244
13/05/2009,1.234
14/05/2009,1.191
15/05/2009,1.161
18/05/2009,1.195
19/05/2009,1.237
20/05/2009,1.232
21/05/2009,1.246
22/05/2009,1.225
25/05/2009,1.204
26/05/2009,1.227
27/05/2009,1.227
28/05/2009,1.255
29/05/2009,1.191
01/06/2009,1.196
02/06/2009,1.236
03/06/2009,1.236
04/06/2009,1.31
05/06/2009,1.337
08/06/2009,1.344
09/06/2009,1.35
10/06/2009,1.328
11/06/2009,1.318
12/06/2009,1.294
15/06/2009,1.427
16/06/2009,1.391
17/06/2009,1.237
18/06/2009,1.164
19/06/2009,1.177
22/06/2009,1.164
23/06/2009,1.113
24/06/2009,1.079
25/06/2009,1.063
26/06/2009,1.099
29/06/2009,1.095
30/06/2009,1.051
01/07/2009,1.021
02/07/2009,1.633
03/07/2009,1.303
06/07/2009,1.004
07/07/2009,0.979
08/07/2009,0.98
09/07/2009,0.955
10/07/2009,0.941
13/07/2009,0.926
14/07/2009,0.928
15/07/2009,0.928
16/07/2009,1.041
17/07/2009,1.025
20/07/2009,1.02
21/07/2009,1.143
22/07/2009,1.039
23/07/2009,1.05
24/07/2009,0.941
27/07/2009,0.941
28/07/2009,0.949
29/07/2009,0.958
30/07/2009,0.951
31/07/2009,0.949
03/08/2009,0.948
04/08/2009,0.954
05/08/2009,0.975
06/08/2009,0.957
07/08/2009,0.96
10/08/2009,0.986
11/08/2009,0.985
12/08/2009,0.985
13/08/2009,1.012
14/08/2009,1.012
17/08/2009,1.007
18/08/2009,1.011
19/08/2009,0.975
20/08/2009,0.939
21/08/2009,0.943
24/08/2009,0.969
25/08/2009,0.976
26/08/2009,1.005
27/08/2009,1.023
28/08/2009,0.961
31/08/2009,0.956
01/09/2009,0.95
02/09/2009,0.942
03/09/2009,0.952
04/09/2009,0.942
07/09/2009,0.922
08/09/2009,0.973
09/09/2009,1.003
10/09/2009,0.965
11/09/2009,1.075
14/09/2009,0.955
15/09/2009,0.927
16/09/2009,0.977
17/09/2009,0.897
18/09/2009,0.99
21/09/2009,0.97
22/09/2009,0.97
23/09/2009,0.96
24/09/2009,0.972
25/09/2009,0.962
28/09/2009,0.963
29/09/2009,0.963
30/09/2009,0.988
01/10/2009,1.041
02/10/2009,1.005
05/10/2009,1.019
06/10/2009,1.021
07/10/2009,1.051
08/10/2009,1.035
09/10/2009,1.057
12/10/2009,1.031
13/10/2009,1.032
14/10/2009,1.05
15/10/2009,1.072
16/10/2009,1.091
19/10/2009,1.079
20/10/2009,1.097
21/10/2009,1.098
22/10/2009,1.077
23/10/2009,1.097
26/10/2009,1.064
27/10/2009,1.048
28/10/2009,1.078
29/10/2009,1.12
30/10/2009,1.083
02/11/2009,1.076
03/11/2009,1.086
04/11/2009,1.118
05/11/2009,1.134
06/11/2009,1.14
09/11/2009,1.132
10/11/2009,1.073
11/11/2009,1.092
12/11/2009,1.049
13/11/2009,1.13
16/11/2009,1.104
17/11/2009,1.125
18/11/2009,1.126
19/11/2009,1.085
20/11/2009,1.11
23/11/2009,1.11
24/11/2009,1.111
25/11/2009,1.09
26/11/2009,1.088
27/11/2009,1.1
30/11/2009,1.099
01/12/2009,1.105
02/12/2009,1.104
03/12/2009,1.092
04/12/2009,1.063
07/12/2009,1.058
08/12/2009,1.065
09/12/2009,1.074
10/12/2009,1.066
11/12/2009,1.069
14/12/2009,1.072
15/12/2009,1.156
16/12/2009,1.165
17/12/2009,1.153
18/12/2009,1.156
21/12/2009,1.159
22/12/2009,1.175
23/12/2009,1.133
24/12/2009,1.135
25/12/2009,1.135
28/12/2009,1.169
29/12/2009,1.175
30/12/2009,1.199
31/12/2009,1.202
01/01/2010,1.202
04/01/2010,1.167
05/01/2010,1.174
06/01/2010,1.164
07/01/2010,1.167
08/01/2010,1.171
11/01/2010,1.158
12/01/2010,1.098
13/01/2010,1.218
14/01/2010,1.155
15/01/2010,1.066
18/01/2010,1.154
19/01/2010,1.093
20/01/2010,1.161
21/01/2010,1.171
22/01/2010,1.175
25/01/2010,1.179
26/01/2010,1.183
27/01/2010,1.163
28/01/2010,1.165
29/01/2010,1.17
01/02/2010,1.163
02/02/2010,1.168
03/02/2010,1.094
04/02/2010,1.095
05/02/2010,1.154
08/02/2010,1.182
09/02/2010,1.098
10/02/2010,1.094
11/02/2010,1.168
12/02/2010,1.111
15/02/2010,1.168
16/02/2010,1.206
17/02/2010,1.171
18/02/2010,1.168
19/02/2010,1.174
22/02/2010,1.159
23/02/2010,1.1
24/02/2010,1.107
25/02/2010,1.081
26/02/2010,1.075
01/03/2010,1.149
02/03/2010,1.113
03/03/2010,1.118
04/03/2010,1.121
05/03/2010,1.129
08/03/2010,1.126
09/03/2010,1.122
10/03/2010,1.056
11/03/2010,1.131
12/03/2010,1.106
15/03/2010,1.108
16/03/2010,1.111
17/03/2010,1.128
18/03/2010,1.133
19/03/2010,1.333
22/03/2010,1.226
23/03/2010,1.208
24/03/2010,1.124
25/03/2010,1.199
26/03/2010,1.202
29/03/2010,1.206
30/03/2010,1.197
31/03/2010,1.209
01/04/2010,1.212
02/04/2010,1.212
05/04/2010,1.212
06/04/2010,1.19
07/04/2010,1.194
08/04/2010,1.179
09/04/2010,1.183
12/04/2010,1.187
13/04/2010,1.2
14/04/2010,1.211
15/04/2010,1.239
16/04/2010,1.244
19/04/2010,1.249
20/04/2010,1.254
21/04/2010,1.237
22/04/2010,1.243
23/04/2010,1.25
26/04/2010,1.264
27/04/2010,1.247
28/04/2010,1.28
29/04/2010,1.3
30/04/2010,1.297
03/05/2010,1.263
04/05/2010,1.27
05/05/2010,1.292
06/05/2010,1.276
07/05/2010,1.287
10/05/2010,1.267
11/05/2010,1.28
12/05/2010,1.248
13/05/2010,1.225
14/05/2010,1.234
17/05/2010,1.237
18/05/2010,1.212
19/05/2010,1.221
20/05/2010,1.194
21/05/2010,1.194
24/05/2010,1.196
25/05/2010,1.197
26/05/2010,1.199
27/05/2010,1.277
28/05/2010,1.298
31/05/2010,1.222
01/06/2010,1.182
02/06/2010,1.184
03/06/2010,1.191
04/06/2010,1.193
07/06/2010,1.246
08/06/2010,1.25
09/06/2010,1.236
10/06/2010,1.26
11/06/2010,1.206
14/06/2010,1.21
15/06/2010,1.215
16/06/2010,1.22
17/06/2010,1.266
18/06/2010,1.26
21/06/2010,1.362
22/06/2010,1.346
23/06/2010,1.362
24/06/2010,1.346
25/06/2010,1.36
28/06/2010,1.357
29/06/2010,1.355
30/06/2010,1.373
01/07/2010,1.364
02/07/2010,1.358
05/07/2010,1.361
06/07/2010,1.362
07/07/2010,1.379
08/07/2010,1.397
09/07/2010,1.383
12/07/2010,1.378
13/07/2010,1.385
14/07/2010,1.384
15/07/2010,1.389
16/07/2010,1.381
19/07/2010,1.402
20/07/2010,1.375
21/07/2010,1.373
22/07/2010,1.483
23/07/2010,1.48
26/07/2010,1.369
27/07/2010,1.365
28/07/2010,1.344
29/07/2010,1.351
30/07/2010,1.346
02/08/2010,1.343
03/08/2010,1.319
04/08/2010,1.311
05/08/2010,1.304
06/08/2010,1.381
09/08/2010,1.385
10/08/2010,1.385
11/08/2010,1.38
12/08/2010,1.384
13/08/2010,1.411
16/08/2010,1.409
17/08/2010,1.394
18/08/2010,1.386
19/08/2010,1.388
20/08/2010,1.392
23/08/2010,1.376
24/08/2010,1.355
25/08/2010,1.36
26/08/2010,1.344
27/08/2010,1.324
30/08/2010,1.344
31/08/2010,1.34
01/09/2010,1.324
02/09/2010,1.298
03/09/2010,1.32
06/09/2010,1.338
07/09/2010,1.322
08/09/2010,1.306
09/09/2010,1.299
10/09/2010,1.294
13/09/2010,1.292
14/09/2010,1.272
15/09/2010,1.269
16/09/2010,1.347
17/09/2010,1.353
20/09/2010,1.35
21/09/2010,1.353
22/09/2010,1.349
23/09/2010,1.329
24/09/2010,1.368
27/09/2010,1.379
28/09/2010,1.376
29/09/2010,1.378
30/09/2010,1.368
01/10/2010,1.441
04/10/2010,1.449
05/10/2010,1.432
06/10/2010,1.418
07/10/2010,1.452
08/10/2010,1.467
11/10/2010,1.467
12/10/2010,1.405
13/10/2010,1.409
14/10/2010,1.412
15/10/2010,1.384
18/10/2010,1.465
19/10/2010,1.469
20/10/2010,1.476
21/10/2010,1.47
22/10/2010,1.47
25/10/2010,1.464
26/10/2010,1.492
27/10/2010,1.495
28/10/2010,1.466
29/10/2010,1.48
01/11/2010,1.478
02/11/2010,1.487
03/11/2010,1.502
04/11/2010,1.503
05/11/2010,1.516
08/11/2010,1.517
09/11/2010,1.496
10/11/2010,1.49
11/11/2010,1.507
12/11/2010,1.505
15/11/2010,1.487
16/11/2010,1.488
17/11/2010,1.446
18/11/2010,1.443
19/11/2010,1.435
22/11/2010,1.46
23/11/2010,1.432
24/11/2010,1.409
25/11/2010,1.425
26/11/2010,1.422
29/11/2010,1.434
30/11/2010,1.527
01/12/2010,1.522
02/12/2010,1.471
03/12/2010,1.458
06/12/2010,1.495
07/12/2010,1.485
08/12/2010,1.574
09/12/2010,1.561
10/12/2010,1.576
13/12/2010,1.588
14/12/2010,1.555
15/12/2010,1.491
16/12/2010,1.498
17/12/2010,1.461
20/12/2010,1.473
21/12/2010,1.473
22/12/2010,1.441
23/12/2010,1.428
24/12/2010,1.409
27/12/2010,1.426
28/12/2010,1.414
29/12/2010,1.367
30/12/2010,1.401
31/12/2010,1.381
03/01/2011,1.43
04/01/2011,1.453
05/01/2011,1.437
06/01/2011,1.435
07/01/2011,1.435
10/01/2011,1.443
11/01/2011,1.452
12/01/2011,1.451
13/01/2011,1.453
14/01/2011,1.479
17/01/2011,1.483
18/01/2011,1.479
19/01/2011,1.467
20/01/2011,1.464
21/01/2011,1.452
24/01/2011,1.451
25/01/2011,1.489
26/01/2011,1.496
27/01/2011,1.512
28/01/2011,1.529
31/01/2011,1.541
01/02/2011,1.526
02/02/2011,1.523
03/02/2011,1.52
04/02/2011,1.515
07/02/2011,1.493
08/02/2011,1.536
09/02/2011,1.54
10/02/2011,1.519
11/02/2011,1.55
14/02/2011,1.575
15/02/2011,1.564
16/02/2011,1.558
17/02/2011,1.543
18/02/2011,1.543
21/02/2011,1.517
22/02/2011,1.524
23/02/2011,1.512
24/02/2011,1.52
25/02/2011,1.522
28/02/2011,1.531
01/03/2011,1.513
02/03/2011,1.496
03/03/2011,1.548
04/03/2011,1.555
07/03/2011,1.56
08/03/2011,1.542
09/03/2011,1.532
10/03/2011,1.529
11/03/2011,1.519
14/03/2011,1.567
15/03/2011,1.529
16/03/2011,1.596
17/03/2011,1.613
18/03/2011,1.616
21/03/2011,1.631
22/03/2011,1.634
23/03/2011,1.634
24/03/2011,1.626
25/03/2011,1.604
28/03/2011,1.622
29/03/2011,1.603
30/03/2011,1.61
31/03/2011,1.622
01/04/2011,1.614
04/04/2011,1.609
05/04/2011,1.626
06/04/2011,1.626
07/04/2011,1.635
08/04/2011,1.656
11/04/2011,1.647
12/04/2011,1.643
13/04/2011,1.644
14/04/2011,1.656
15/04/2011,1.669
18/04/2011,1.662
19/04/2011,1.677
20/04/2011,1.674
21/04/2011,1.68
22/04/2011,1.68
25/04/2011,1.715
26/04/2011,1.686
27/04/2011,1.713
28/04/2011,1.726
29/04/2011,1.712
02/05/2011,1.717
03/05/2011,1.712
04/05/2011,1.72
05/05/2011,1.708
06/05/2011,1.712
09/05/2011,1.714
10/05/2011,1.692
11/05/2011,1.682
12/05/2011,1.693
13/05/2011,1.71
16/05/2011,1.703
17/05/2011,1.739
18/05/2011,1.739
19/05/2011,1.74
20/05/2011,1.731
23/05/2011,1.742
24/05/2011,1.758
25/05/2011,1.746
26/05/2011,1.74
27/05/2011,1.736
30/05/2011,1.783
31/05/2011,1.786
01/06/2011,1.746
02/06/2011,1.752
03/06/2011,1.775
06/06/2011,1.782
07/06/2011,1.808
08/06/2011,1.815
09/06/2011,1.829
10/06/2011,1.825
13/06/2011,1.826
14/06/2011,1.845
15/06/2011,1.842
16/06/2011,1.793
17/06/2011,1.771
20/06/2011,1.774
21/06/2011,1.771
22/06/2011,1.785
23/06/2011,1.789
24/06/2011,1.811
27/06/2011,1.803
28/06/2011,1.826
29/06/2011,1.83
30/06/2011,1.822
01/07/2011,1.824
04/07/2011,1.843
05/07/2011,1.828
06/07/2011,1.809
07/07/2011,1.82
08/07/2011,1.822
11/07/2011,1.822
12/07/2011,1.762
13/07/2011,1.771
14/07/2011,1.785
15/07/2011,1.788
18/07/2011,1.786
19/07/2011,1.784
20/07/2011,1.831
21/07/2011,1.825
22/07/2011,1.819
25/07/2011,1.822
26/07/2011,1.812
27/07/2011,1.767
28/07/2011,1.754
29/07/2011,1.762
01/08/2011,1.762
02/08/2011,1.697
03/08/2011,1.684
04/08/2011,1.635
05/08/2011,1.661
08/08/2011,1.608
09/08/2011,1.606
10/08/2011,1.48
11/08/2011,1.473
12/08/2011,1.442
15/08/2011,1.484
16/08/2011,1.479
17/08/2011,1.647
18/08/2011,1.506
19/08/2011,1.506
22/08/2011,1.538
23/08/2011,1.518
24/08/2011,1.532
25/08/2011,1.53
26/08/2011,1.522
29/08/2011,1.476
30/08/2011,1.508
31/08/2011,1.585
01/09/2011,1.59
02/09/2011,1.616
05/09/2011,1.678
06/09/2011,1.642
07/09/2011,1.67
08/09/2011,1.7
09/09/2011,1.7
12/09/2011,1.742
13/09/2011,1.732
14/09/2011,1.759
15/09/2011,1.72
16/09/2011,1.709
19/09/2011,1.722
20/09/2011,1.696
21/09/2011,1.429
22/09/2011,1.432
23/09/2011,1.404
26/09/2011,1.398
27/09/2011,1.43
28/09/2011,1.427
29/09/2011,1.384
30/09/2011,1.364
03/10/2011,1.346
04/10/2011,1.314
05/10/2011,1.35
06/10/2011,1.472
07/10/2011,1.483
10/10/2011,1.493
11/10/2011,1.538
12/10/2011,1.562
13/10/2011,1.549
14/10/2011,1.565
17/10/2011,1.652
18/10/2011,1.652
19/10/2011,1.669
20/10/2011,1.636
21/10/2011,1.613
24/10/2011,1.706
25/10/2011,1.669
26/10/2011,1.653
27/10/2011,1.657
28/10/2011,1.672
31/10/2011,1.665
01/11/2011,1.587
02/11/2011,1.625
03/11/2011,1.558
04/11/2011,1.493
07/11/2011,1.504
08/11/2011,1.533
09/11/2011,1.506
10/11/2011,1.635
11/11/2011,1.81
14/11/2011,1.787
15/11/2011,1.998
16/11/2011,1.92
17/11/2011,1.938
18/11/2011,1.895
21/11/2011,1.887
22/11/2011,1.878
23/11/2011,1.837
24/11/2011,1.881
25/11/2011,1.895
28/11/2011,1.88
29/11/2011,1.948
30/11/2011,1.616
01/12/2011,1.736
02/12/2011,1.744
05/12/2011,1.515
06/12/2011,1.555
07/12/2011,1.505
08/12/2011,1.534
09/12/2011,1.529
12/12/2011,1.565
13/12/2011,1.42
14/12/2011,1.153
15/12/2011,1.174
16/12/2011,1.152
19/12/2011,1.133
20/12/2011,1.081
21/12/2011,1.028
22/12/2011,0.802
23/12/2011,0.679
26/12/2011,0.679
27/12/2011,0.676
28/12/2011,0.628
29/12/2011,0.601
30/12/2011,0.587
02/01/2012,0.688
03/01/2012,0.704
04/01/2012,0.786
05/01/2012,0.906
06/01/2012,0.909
09/01/2012,0.92
10/01/2012,0.897
11/01/2012,0.893
12/01/2012,0.891
13/01/2012,1.006
16/01/2012,0.937
17/01/2012,0.927
18/01/2012,0.923
19/01/2012,1.045
20/01/2012,1.019
23/01/2012,1.051
24/01/2012,1.047
25/01/2012,1.046
26/01/2012,1.01
27/01/2012,1.06
30/01/2012,1.026
31/01/2012,1.022
01/02/2012,1.003
02/02/2012,0.981
03/02/2012,0.965
06/02/2012,0.997
07/02/2012,0.957
08/02/2012,1.008
09/02/2012,1.05
10/02/2012,1.093
13/02/2012,1.116
14/02/2012,1.078
15/02/2012,1.064
16/02/2012,1.063
17/02/2012,1.056
20/02/2012,1.046
21/02/2012,1.033
22/02/2012,1.039
23/02/2012,1.029
24/02/2012,1.037
27/02/2012,1.039
28/02/2012,1.005
29/02/2012,0.976
01/03/2012,0.984
02/03/2012,0.989
05/03/2012,0.944
06/03/2012,0.965
07/03/2012,0.95
08/03/2012,0.97
09/03/2012,0.955
12/03/2012,0.987
13/03/2012,1.004
14/03/2012,0.883
15/03/2012,0.85
16/03/2012,0.854
19/03/2012,0.845
20/03/2012,0.849
21/03/2012,0.853
22/03/2012,0.856
23/03/2012,0.855
26/03/2012,0.875
27/03/2012,0.875
28/03/2012,0.872
29/03/2012,0.879
30/03/2012,0.866
02/04/2012,0.888
03/04/2012,0.881
04/04/2012,0.881
05/04/2012,0.902
06/04/2012,0.891
09/04/2012,0.891
10/04/2012,0.901
11/04/2012,0.922
12/04/2012,0.928
13/04/2012,0.919
16/04/2012,0.939
17/04/2012,0.923
18/04/2012,0.916
19/04/2012,0.927
20/04/2012,0.91
23/04/2012,0.931
24/04/2012,0.904
25/04/2012,0.902
26/04/2012,0.901
27/04/2012,0.883
30/04/2012,0.875
01/05/2012,0.875
02/05/2012,0.896
03/05/2012,0.889
04/05/2012,0.888
07/05/2012,0.881
08/05/2012,0.889
09/05/2012,0.903
10/05/2012,0.922
11/05/2012,0.914
14/05/2012,0.937
15/05/2012,0.925
16/05/2012,0.922
17/05/2012,0.926
18/05/2012,0.927
21/05/2012,0.911
22/05/2012,0.913
23/05/2012,0.913
24/05/2012,0.895
25/05/2012,0.893
28/05/2012,0.891
29/05/2012,0.913
30/05/2012,0.893
31/05/2012,0.891
01/06/2012,0.899
04/06/2012,0.908
05/06/2012,0.911
06/06/2012,0.971
07/06/2012,0.976
08/06/2012,0.976
11/06/2012,1.009
12/06/2012,0.99
13/06/2012,0.999
14/06/2012,0.99
15/06/2012,0.986
18/06/2012,0.976
19/06/2012,0.971
20/06/2012,0.941
21/06/2012,0.869
22/06/2012,0.869
25/06/2012,0.868
26/06/2012,0.88
27/06/2012,0.848
28/06/2012,0.897
29/06/2012,0.921
02/07/2012,0.935
03/07/2012,0.876
04/07/2012,0.907
05/07/2012,0.805
06/07/2012,0.814
09/07/2012,0.81
10/07/2012,0.807
11/07/2012,0.801
12/07/2012,0.793
13/07/2012,0.788
16/07/2012,0.778
17/07/2012,0.777
18/07/2012,0.793
19/07/2012,0.767
20/07/2012,0.768
23/07/2012,0.765
24/07/2012,0.768
25/07/2012,0.772
26/07/2012,0.772
27/07/2012,0.791
30/07/2012,0.762
31/07/2012,0.781
01/08/2012,0.774
02/08/2012,0.743
03/08/2012,0.755
06/08/2012,0.789
07/08/2012,0.801
08/08/2012,0.786
09/08/2012,0.786
10/08/2012,0.779
13/08/2012,0.767
14/08/2012,0.762
15/08/2012,0.763
16/08/2012,0.808
17/08/2012,0.763
20/08/2012,0.782
21/08/2012,0.792
22/08/2012,0.79
23/08/2012,0.836
24/08/2012,0.811
27/08/2012,0.812
28/08/2012,0.81
29/08/2012,0.763
30/08/2012,0.807
31/08/2012,0.805
03/09/2012,0.759
04/09/2012,0.823
05/09/2012,0.834
06/09/2012,0.865
07/09/2012,0.89
10/09/2012,0.839
11/09/2012,0.885
12/09/2012,0.887
13/09/2012,0.891
14/09/2012,0.891
17/09/2012,0.893
18/09/2012,0.848
19/09/2012,0.863
20/09/2012,0.871
21/09/2012,0.888
24/09/2012,0.887
25/09/2012,0.887
26/09/2012,0.886
27/09/2012,0.885
28/09/2012,0.873
01/10/2012,0.883
02/10/2012,0.882
03/10/2012,0.873
04/10/2012,0.882
05/10/2012,0.882
08/10/2012,0.835
09/10/2012,0.832
10/10/2012,0.846
11/10/2012,0.845
12/10/2012,0.853
15/10/2012,0.87
16/10/2012,0.872
17/10/2012,0.874
18/10/2012,0.872
19/10/2012,0.87
22/10/2012,0.865
23/10/2012,0.87
24/10/2012,0.869
25/10/2012,0.857
26/10/2012,0.85
29/10/2012,0.852
30/10/2012,0.841
31/10/2012,0.819
01/11/2012,0.816
02/11/2012,0.816
05/11/2012,0.822
06/11/2012,0.813
07/11/2012,0.794
08/11/2012,0.812
09/11/2012,0.845
12/11/2012,0.843
13/11/2012,0.843
14/11/2012,0.838
15/11/2012,0.797
16/11/2012,0.837
19/11/2012,0.788
20/11/2012,0.852
21/11/2012,0.847
22/11/2012,0.813
23/11/2012,0.86
26/11/2012,0.789
27/11/2012,0.849
28/11/2012,0.806
29/11/2012,0.846
30/11/2012,0.856
03/12/2012,0.856
04/12/2012,0.871
05/12/2012,0.843
06/12/2012,0.832
07/12/2012,0.809
10/12/2012,0.843
11/12/2012,0.851
12/12/2012,0.876
13/12/2012,0.86
14/12/2012,0.86
17/12/2012,0.86
18/12/2012,0.748
19/12/2012,0.735
20/12/2012,0.765
21/12/2012,0.765
24/12/2012,0.765
25/12/2012,0.765
26/12/2012,0.765
27/12/2012,0.755
28/12/2012,0.81
31/12/2012,0.81
01/01/2013,0.81
02/01/2013,0.774
03/01/2013,0.775
04/01/2013,0.798
07/01/2013,0.809
08/01/2013,0.837
09/01/2013,0.864
10/01/2013,0.859
11/01/2013,0.875
14/01/2013,0.846
15/01/2013,0.842
16/01/2013,0.828
17/01/2013,0.835
18/01/2013,0.831
21/01/2013,0.834
22/01/2013,0.891
23/01/2013,0.889
24/01/2013,0.867
25/01/2013,0.847
28/01/2013,0.85
29/01/2013,0.85
30/01/2013,0.848
31/01/2013,0.817
01/02/2013,0.853
04/02/2013,0.846
05/02/2013,0.885
06/02/2013,0.891
07/02/2013,0.899
08/02/2013,0.901
11/02/2013,0.875
12/02/2013,0.863
13/02/2013,0.885
14/02/2013,0.862
15/02/2013,0.884
18/02/2013,0.872
19/02/2013,0.923
20/02/2013,0.899
21/02/2013,0.921
22/02/2013,0.931
25/02/2013,0.867
26/02/2013,0.894
27/02/2013,0.895
28/02/2013,0.869
01/03/2013,0.907
04/03/2013,0.86
05/03/2013,0.86
06/03/2013,0.881
07/03/2013,0.923
08/03/2013,0.92
11/03/2013,0.918
12/03/2013,0.939
13/03/2013,0.979
14/03/2013,0.972
15/03/2013,0.969
18/03/2013,0.919
19/03/2013,0.966
20/03/2013,0.875
21/03/2013,0.847
22/03/2013,0.852
25/03/2013,0.837
26/03/2013,0.842
27/03/2013,0.851
28/03/2013,0.849
29/03/2013,0.849
01/04/2013,0.849
02/04/2013,0.851
03/04/2013,0.855
04/04/2013,0.865
05/04/2013,0.872
08/04/2013,0.864
09/04/2013,0.859
10/04/2013,0.875
11/04/2013,0.882
12/04/2013,0.881
15/04/2013,0.881
16/04/2013,0.882
17/04/2013,0.878
18/04/2013,0.88
19/04/2013,0.882
22/04/2013,0.871
23/04/2013,0.86
24/04/2013,0.852
25/04/2013,0.844
26/04/2013,0.828
29/04/2013,0.824
30/04/2013,0.818
01/05/2013,0.818
02/05/2013,0.813
03/05/2013,0.817
06/05/2013,0.794
07/05/2013,0.794
08/05/2013,0.814
09/05/2013,0.814
10/05/2013,0.828
13/05/2013,0.821
14/05/2013,0.81
15/05/2013,0.78
16/05/2013,0.763
17/05/2013,0.765
20/05/2013,0.757
21/05/2013,0.765
22/05/2013,0.725
23/05/2013,0.749
24/05/2013,0.753
27/05/2013,0.754
28/05/2013,0.794
29/05/2013,0.799
30/05/2013,0.798
31/05/2013,0.799
03/06/2013,0.812
04/06/2013,0.809
05/06/2013,0.811
06/06/2013,0.827
07/06/2013,0.824
10/06/2013,0.824
11/06/2013,0.83
12/06/2013,0.837
13/06/2013,0.815
14/06/2013,0.836
17/06/2013,0.838
18/06/2013,0.833
19/06/2013,0.778
20/06/2013,0.782
21/06/2013,0.772
24/06/2013,0.794
25/06/2013,0.794
26/06/2013,0.792
27/06/2013,0.788
28/06/2013,0.781
01/07/2013,0.783
02/07/2013,0.787
03/07/2013,0.781
04/07/2013,0.78
05/07/2013,0.79
08/07/2013,0.789
09/07/2013,0.794
10/07/2013,0.791
11/07/2013,0.792
12/07/2013,0.797
15/07/2013,0.796
16/07/2013,0.787
17/07/2013,0.791
18/07/2013,0.786
19/07/2013,0.79
22/07/2013,0.794
23/07/2013,0.795
24/07/2013,0.8
25/07/2013,0.797
26/07/2013,0.799
29/07/2013,0.796
30/07/2013,0.793
31/07/2013,0.783
01/08/2013,0.781
02/08/2013,0.798
05/08/2013,0.798
06/08/2013,0.784
07/08/2013,0.803
08/08/2013,0.811
09/08/2013,0.813
12/08/2013,0.824
13/08/2013,0.823
14/08/2013,0.83
15/08/2013,0.834
16/08/2013,0.832
19/08/2013,0.828
20/08/2013,0.846
21/08/2013,0.835
22/08/2013,0.851
23/08/2013,0.856
26/08/2013,0.858
27/08/2013,0.856
28/08/2013,0.856
29/08/2013,0.854
30/08/2013,0.856
02/09/2013,0.862
03/09/2013,0.888
04/09/2013,0.891
05/09/2013,0.892
06/09/2013,0.896
09/09/2013,0.887
10/09/2013,0.886
11/09/2013,0.906
12/09/2013,0.921
13/09/2013,0.919
16/09/2013,0.92
17/09/2013,0.907
18/09/2013,0.801
19/09/2013,0.808
20/09/2013,0.795
23/09/2013,0.8
24/09/2013,0.802
25/09/2013,0.801
26/09/2013,0.8
27/09/2013,0.803
30/09/2013,0.809
01/10/2013,0.807
02/10/2013,0.812
03/10/2013,0.824
04/10/2013,0.824
07/10/2013,0.821
08/10/2013,0.825
09/10/2013,0.83
10/10/2013,0.83
11/10/2013,0.823
14/10/2013,0.828
15/10/2013,0.825
16/10/2013,0.822
17/10/2013,0.829
18/10/2013,0.829
21/10/2013,0.841
22/10/2013,0.842
23/10/2013,0.843
24/10/2013,0.829
25/10/2013,0.831
28/10/2013,0.828
29/10/2013,0.838
30/10/2013,0.842
31/10/2013,0.846
01/11/2013,0.834
04/11/2013,0.832
05/11/2013,0.81
06/11/2013,0.814
07/11/2013,0.789
08/11/2013,0.788
11/11/2013,0.795
12/11/2013,0.799
13/11/2013,0.796
14/11/2013,0.792
15/11/2013,0.796
18/11/2013,0.794
19/11/2013,0.791
20/11/2013,0.78
21/11/2013,0.781
22/11/2013,0.795
25/11/2013,0.802
26/11/2013,0.793
27/11/2013,0.797
28/11/2013,0.796
29/11/2013,0.796
02/12/2013,0.797
03/12/2013,0.796
04/12/2013,0.799
05/12/2013,0.813
06/12/2013,0.823
09/12/2013,0.838
10/12/2013,0.835
11/12/2013,0.838
12/12/2013,0.845
13/12/2013,0.859
16/12/2013,0.864
17/12/2013,0.874
18/12/2013,0.734
19/12/2013,0.736
20/12/2013,0.734
23/12/2013,0.733
24/12/2013,0.724
25/12/2013,0.724
26/12/2013,0.724
27/12/2013,0.715
30/12/2013,0.719
31/12/2013,0.712
01/01/2014,0.712
02/01/2014,0.715
03/01/2014,0.702
06/01/2014,0.726
07/01/2014,0.73
08/01/2014,0.762
09/01/2014,0.771
10/01/2014,0.775
13/01/2014,0.774
14/01/2014,0.81
15/01/2014,0.81
16/01/2014,0.797
17/01/2014,0.805
20/01/2014,0.805
21/01/2014,0.825
22/01/2014,0.823
23/01/2014,0.831
24/01/2014,0.805
27/01/2014,0.836
28/01/2014,0.805
29/01/2014,0.803
30/01/2014,0.831
31/01/2014,0.793
03/02/2014,0.833
04/02/2014,0.839
05/02/2014,0.818
06/02/2014,0.847
07/02/2014,0.822
10/02/2014,0.804
11/02/2014,0.834
12/02/2014,0.841
13/02/2014,0.831
14/02/2014,0.865
17/02/2014,0.866
18/02/2014,0.876
19/02/2014,0.845
20/02/2014,0.85
21/02/2014,0.819
24/02/2014,0.851
25/02/2014,0.859
26/02/2014,0.824
27/02/2014,0.856
28/02/2014,0.829
03/03/2014,0.841
04/03/2014,0.857
05/03/2014,0.859
06/03/2014,0.845
07/03/2014,0.858
10/03/2014,0.855
11/03/2014,0.867
12/03/2014,0.862
13/03/2014,0.92
14/03/2014,1.011
17/03/2014,0.852
18/03/2014,0.85
19/03/2014,0.73
20/03/2014,0.757
21/03/2014,0.76
24/03/2014,0.758
25/03/2014,0.753
26/03/2014,0.751
27/03/2014,0.751
28/03/2014,0.755
31/03/2014,0.784
01/04/2014,0.788
02/04/2014,0.774
03/04/2014,0.79
04/04/2014,0.789
07/04/2014,0.795
08/04/2014,0.792
09/04/2014,0.786
10/04/2014,0.795
11/04/2014,0.795
14/04/2014,0.787
15/04/2014,0.786
16/04/2014,0.783
17/04/2014,0.779
18/04/2014,0.779
21/04/2014,0.779
22/04/2014,0.781
23/04/2014,0.787
24/04/2014,0.788
25/04/2014,0.783
28/04/2014,0.785
29/04/2014,0.778
30/04/2014,0.783
01/05/2014,0.783
02/05/2014,0.789
05/05/2014,0.799
06/05/2014,0.816
07/05/2014,0.81
08/05/2014,0.806
09/05/2014,0.797
12/05/2014,0.807
13/05/2014,0.796
14/05/2014,0.789
15/05/2014,0.777
16/05/2014,0.778
19/05/2014,0.772
20/05/2014,0.76
21/05/2014,0.763
22/05/2014,0.757
23/05/2014,0.761
26/05/2014,0.757
27/05/2014,0.74
28/05/2014,0.743
29/05/2014,0.74
30/05/2014,0.739
02/06/2014,0.742
03/06/2014,0.751
04/06/2014,0.758
05/06/2014,0.753
06/06/2014,0.75
09/06/2014,0.747
10/06/2014,0.734
11/06/2014,0.759
12/06/2014,0.565
13/06/2014,1.11
16/06/2014,1.109
17/06/2014,1.113
18/06/2014,0.559
19/06/2014,0.508
20/06/2014,0.512
23/06/2014,0.52
24/06/2014,0.513
25/06/2014,0.528
26/06/2014,0.541
27/06/2014,0.582
30/06/2014,0.612
01/07/2014,0.621
02/07/2014,0.626
03/07/2014,0.629
04/07/2014,0.641
07/07/2014,0.636
08/07/2014,0.635
09/07/2014,0.629
10/07/2014,0.632
11/07/2014,0.607
14/07/2014,0.612
15/07/2014,0.619
16/07/2014,0.63
17/07/2014,0.599
18/07/2014,0.606
21/07/2014,0.603
22/07/2014,0.64
23/07/2014,0.605
24/07/2014,0.607
25/07/2014,0.597
28/07/2014,0.634
29/07/2014,0.63
30/07/2014,0.631
31/07/2014,0.624
01/08/2014,0.615
04/08/2014,0.607
05/08/2014,0.617
06/08/2014,0.616
07/08/2014,0.616
08/08/2014,0.615
11/08/2014,0.618
12/08/2014,0.611
13/08/2014,0.615
14/08/2014,0.615
15/08/2014,0.616
18/08/2014,0.646
19/08/2014,0.655
20/08/2014,0.644
21/08/2014,0.66
22/08/2014,0.661
25/08/2014,0.651
26/08/2014,0.651
27/08/2014,0.667
28/08/2014,0.664
29/08/2014,0.708
01/09/2014,0.647
02/09/2014,0.66
03/09/2014,0.652
04/09/2014,0.629
05/09/2014,0.65
08/09/2014,0.604
09/09/2014,0.74
10/09/2014,0.6
11/09/2014,0.578
12/09/2014,0.693
15/09/2014,0.502
16/09/2014,0.504
17/09/2014,0.527
18/09/2014,0.553
19/09/2014,0.541
22/09/2014,0.563
23/09/2014,0.561
24/09/2014,0.565
25/09/2014,0.601
26/09/2014,0.605
29/09/2014,0.666
30/09/2014,0.664
01/10/2014,0.658
02/10/2014,0.662
03/10/2014,0.681
06/10/2014,0.687
07/10/2014,0.667
08/10/2014,0.667
09/10/2014,0.657
10/10/2014,0.654
13/10/2014,0.653
14/10/2014,0.643
15/10/2014,0.629
16/10/2014,0.627
17/10/2014,0.635
20/10/2014,0.629
21/10/2014,0.642
22/10/2014,0.644
23/10/2014,0.623
24/10/2014,0.643
27/10/2014,0.645
28/10/2014,0.644
29/10/2014,0.641
30/10/2014,0.643
31/10/2014,0.642
03/11/2014,0.682
04/11/2014,0.643
05/11/2014,0.684
06/11/2014,0.658
07/11/2014,0.689
10/11/2014,0.689
11/11/2014,0.683
12/11/2014,0.683
13/11/2014,0.688
14/11/2014,0.688
17/11/2014,0.689
18/11/2014,0.681
19/11/2014,0.689
20/11/2014,0.669
21/11/2014,0.683
24/11/2014,0.676
25/11/2014,0.684
26/11/2014,0.678
27/11/2014,0.673
28/11/2014,0.673
01/12/2014,0.657
02/12/2014,0.637
03/12/2014,0.615
04/12/2014,0.678
05/12/2014,0.674
08/12/2014,0.661
09/12/2014,0.651
10/12/2014,0.665
11/12/2014,0.549
12/12/2014,0.549
15/12/2014,0.548
16/12/2014,0.549
17/12/2014,0.524
18/12/2014,0.534
19/12/2014,0.533
22/12/2014,0.54
23/12/2014,0.557
24/12/2014,0.553
25/12/2014,0.553
26/12/2014,0.553
29/12/2014,0.551
30/12/2014,0.54
31/12/2014,0.54
01/01/2015,0.54
02/01/2015,0.515
05/01/2015,0.512
06/01/2015,0.541
07/01/2015,0.545
08/01/2015,0.538
09/01/2015,0.53
12/01/2015,0.525
13/01/2015,0.508
14/01/2015,0.511
15/01/2015,0.524
16/01/2015,0.518
19/01/2015,0.52
20/01/2015,0.526
21/01/2015,0.542
22/01/2015,0.515
23/01/2015,0.529
26/01/2015,0.533
27/01/2015,0.533
28/01/2015,0.53
29/01/2015,0.53
30/01/2015,0.536
02/02/2015,0.504
03/02/2015,0.526
04/02/2015,0.52
05/02/2015,0.517
06/02/2015,0.518
09/02/2015,0.511
10/02/2015,0.522
11/02/2015,0.54
12/02/2015,0.523
13/02/2015,0.513
16/02/2015,0.513
17/02/2015,0.544
18/02/2015,0.537
19/02/2015,0.526
20/02/2015,0.516
23/02/2015,0.543
24/02/2015,0.504
25/02/2015,0.497
26/02/2015,0.493
27/02/2015,0.482
02/03/2015,0.5
03/03/2015,0.477
04/03/2015,0.49
05/03/2015,0.472
06/03/2015,0.481
09/03/2015,0.46
10/03/2015,0.459
11/03/2015,0.425
12/03/2015,0.48
13/03/2015,0.485
16/03/2015,0.479
17/03/2015,0.476
18/03/2015,0.318
19/03/2015,0.391
20/03/2015,0.409
23/03/2015,0.396
24/03/2015,0.405
25/03/2015,0.41
26/03/2015,0.404
27/03/2015,0.398
30/03/2015,0.426
31/03/2015,0.448
01/04/2015,0.417
02/04/2015,0.425
03/04/2015,0.425
06/04/2015,0.425
07/04/2015,0.437
08/04/2015,0.442
09/04/2015,0.418
10/04/2015,0.459
13/04/2015,0.504
14/04/2015,0.519
15/04/2015,0.502
16/04/2015,0.532
17/04/2015,0.522
20/04/2015,0.525
21/04/2015,0.497
22/04/2015,0.501
23/04/2015,0.502
24/04/2015,0.495
27/04/2015,0.499
28/04/2015,0.509
29/04/2015,0.523
30/04/2015,0.546
01/05/2015,0.546
04/05/2015,0.528
05/05/2015,0.562
06/05/2015,0.544
07/05/2015,0.553
08/05/2015,0.552
11/05/2015,0.551
12/05/2015,0.52
13/05/2015,0.511
14/05/2015,0.516
15/05/2015,0.56
18/05/2015,0.57
19/05/2015,0.496
20/05/2015,0.5
21/05/2015,0.504
22/05/2015,0.594
25/05/2015,0.594
26/05/2015,0.505
27/05/2015,0.51
28/05/2015,0.513
29/05/2015,0.675
01/06/2015,0.688
02/06/2015,0.523
03/06/2015,0.527
04/06/2015,0.522
05/06/2015,0.543
08/06/2015,0.538
09/06/2015,0.52
10/06/2015,0.535
11/06/2015,0.553
12/06/2015,1.406
15/06/2015,1.391
16/06/2015,1.392
17/06/2015,0.383
18/06/2015,0.376
19/06/2015,0.378
22/06/2015,0.366
23/06/2015,0.351
24/06/2015,0.365
25/06/2015,0.359
26/06/2015,0.339
29/06/2015,0.367
30/06/2015,0.394
01/07/2015,0.389
02/07/2015,0.382
03/07/2015,0.39
06/07/2015,0.393
07/07/2015,0.39
08/07/2015,0.392
09/07/2015,0.371
10/07/2015,0.389
13/07/2015,0.37
14/07/2015,0.369
15/07/2015,0.369
16/07/2015,0.357
17/07/2015,0.364
20/07/2015,0.365
21/07/2015,0.356
22/07/2015,0.366
23/07/2015,0.359
24/07/2015,0.362
27/07/2015,0.371
28/07/2015,0.363
29/07/2015,0.375
30/07/2015,0.402
31/07/2015,0.383
03/08/2015,0.381
04/08/2015,0.427
05/08/2015,0.392
06/08/2015,0.395
07/08/2015,0.399
10/08/2015,0.408
11/08/2015,0.414
12/08/2015,0.417
13/08/2015,0.379
14/08/2015,0.389
17/08/2015,0.379
18/08/2015,0.383
19/08/2015,0.378
20/08/2015,0.396
21/08/2015,0.386
24/08/2015,0.368
25/08/2015,0.386
26/08/2015,0.404
27/08/2015,0.398
28/08/2015,0.407
31/08/2015,0.416
01/09/2015,0.403
02/09/2015,0.353
03/09/2015,0.471
04/09/2015,0.491
07/09/2015,0.501
08/09/2015,0.602
09/09/2015,0.485
10/09/2015,0.726
11/09/2015,0.632
14/09/2015,0.639
15/09/2015,0.627
16/09/2015,0.241
17/09/2015,0.248
18/09/2015,0.248
21/09/2015,0.241
22/09/2015,0.255
23/09/2015,0.254
24/09/2015,0.237
25/09/2015,0.23
28/09/2015,0.236
29/09/2015,0.237
30/09/2015,0.225
01/10/2015,0.231
02/10/2015,0.234
05/10/2015,0.253
06/10/2015,0.254
07/10/2015,0.256
08/10/2015,0.256
09/10/2015,0.262
12/10/2015,0.262
13/10/2015,0.273
14/10/2015,0.244
15/10/2015,0.261
16/10/2015,0.272
19/10/2015,0.276
20/10/2015,0.253
21/10/2015,0.259
22/10/2015,0.251
23/10/2015,0.274
26/10/2015,0.244
27/10/2015,0.257
28/10/2015,0.264
29/10/2015,0.253
30/10/2015,0.237
02/11/2015,0.275
03/11/2015,0.273
04/11/2015,0.272
05/11/2015,0.289
06/11/2015,0.284
09/11/2015,0.26
10/11/2015,0.297
11/11/2015,0.298
12/11/2015,0.298
13/11/2015,0.276
16/11/2015,0.246
17/11/2015,0.287
18/11/2015,0.287
19/11/2015,0.29
20/11/2015,0.298
23/11/2015,0.207
24/11/2015,0.285
25/11/2015,0.278
26/11/2015,0.303
27/11/2015,0.289
30/11/2015,0.303
01/12/2015,0.318
02/12/2015,0.338
03/12/2015,0.45
04/12/2015,0.485
07/12/2015,0.52
08/12/2015,0.612
09/12/2015,0.269
10/12/2015,0.289
11/12/2015,0.752
14/12/2015,0.733
15/12/2015,0.052
16/12/2015,0.053
17/12/2015,0.143
18/12/2015,0.144
21/12/2015,0.152
22/12/2015,0.155
23/12/2015,0.145
24/12/2015,0.143
25/12/2015,0.143
28/12/2015,0.133
29/12/2015,0.138
30/12/2015,0.104
31/12/2015,0.104
01/01/2016,0.104
04/01/2016,0.101
05/01/2016,0.077
06/01/2016,0.076
07/01/2016,0.063
08/01/2016,0.084
11/01/2016,0.105
12/01/2016,0.148
13/01/2016,0.177
14/01/2016,0.191
15/01/2016,0.191
18/01/2016,0.195
19/01/2016,0.24
20/01/2016,0.251
21/01/2016,0.254
22/01/2016,0.246
25/01/2016,0.256
26/01/2016,0.255
27/01/2016,0.266
28/01/2016,0.269
29/01/2016,0.238
01/02/2016,0.266
02/02/2016,0.252
03/02/2016,0.255
04/02/2016,0.247
05/02/2016,0.305
08/02/2016,0.29
09/02/2016,0.243
10/02/2016,0.294
11/02/2016,0.29
12/02/2016,0.23
15/02/2016,0.27
16/02/2016,0.241
17/02/2016,0.328
18/02/2016,0.232
19/02/2016,0.335
22/02/2016,0.213
23/02/2016,0.203
24/02/2016,0.475
25/02/2016,0.207
26/02/2016,0.192
29/02/2016,0.179
01/03/2016,0.184
02/03/2016,0.207
03/03/2016,0.202
04/03/2016,0.181
07/03/2016,0.186
08/03/2016,0.189
09/03/2016,0.198
10/03/2016,0.248
11/03/2016,0.346
14/03/2016,0.34
15/03/2016,0.342
16/03/2016,0.021
17/03/2016,0.011
18/03/2016,0.028
21/03/2016,0.011
22/03/2016,0.014
23/03/2016,0.047
24/03/2016,0.051
25/03/2016,0.051
28/03/2016,0.051
29/03/2016,0.038
30/03/2016,0.046
31/03/2016,0.07
01/04/2016,0.071
04/04/2016,0.074
05/04/2016,0.07
06/04/2016,0.037
07/04/2016,0.032
08/04/2016,0.083
11/04/2016,0.08
12/04/2016,0.119
13/04/2016,0.074
14/04/2016,0.068
15/04/2016,0.056
18/04/2016,0.088
19/04/2016,0.113
20/04/2016,0.07
21/04/2016,0.073
22/04/2016,0.044
25/04/2016,0.059
26/04/2016,0.049
27/04/2016,0.081
28/04/2016,0.095
29/04/2016,0.084
02/05/2016,0.06
03/05/2016,0.062
04/05/2016,0.091
05/05/2016,0.091
06/05/2016,0.066
09/05/2016,0.065
10/05/2016,0.052
11/05/2016,0.051
12/05/2016,0.033
13/05/2016,0.094
16/05/2016,0.093
17/05/2016,0.086
18/05/2016,0.025
19/05/2016,0.046
20/05/2016,0.112
23/05/2016,0.049
24/05/2016,0.124
25/05/2016,0.063
26/05/2016,0.191
27/05/2016,0.197
30/05/2016,0.226
31/05/2016,0.23
01/06/2016,0.116
02/06/2016,0.081
03/06/2016,0.088
06/06/2016,0.091
07/06/2016,0.115
08/06/2016,0.084
09/06/2016,1.23
10/06/2016,0.603
13/06/2016,0.601
14/06/2016,0.6
15/06/2016,0.072
16/06/2016,0.075
17/06/2016,0.081
20/06/2016,0.081
21/06/2016,0.079
22/06/2016,0.071
23/06/2016,0.083
24/06/2016,0.019
27/06/2016,0.038
28/06/2016,0.018
29/06/2016,0.012
30/06/2016,0.015
01/07/2016,0.018
04/07/2016,-0.018
05/07/2016,0.02
06/07/2016,0.028
07/07/2016,0.033
08/07/2016,0.041
11/07/2016,-0.014
12/07/2016,0.049
13/07/2016,0.046
14/07/2016,0.004
15/07/2016,0.002
18/07/2016,-0.017
19/07/2016,0.004
20/07/2016,0.009
21/07/2016,0.014
22/07/2016,-0.008
25/07/2016,0.021
26/07/2016,0.012
27/07/2016,0.026
28/07/2016,0.02
29/07/2016,0.015
01/08/2016,0.017
02/08/2016,0.032
03/08/2016,0.025
04/08/2016,0.038
05/08/2016,-0.014
08/08/2016,-0.021
09/08/2016,-0.01
10/08/2016,-0.015
11/08/2016,-0.002
12/08/2016,-0.041
15/08/2016,0.001
16/08/2016,-0.009
17/08/2016,0.002
18/08/2016,-0.034
19/08/2016,-0.049
22/08/2016,-0.017
23/08/2016,-0.031
24/08/2016,0.037
25/08/2016,-0.005
26/08/2016,0.055
29/08/2016,-0.018
30/08/2016,0.062
31/08/2016,0.075
01/09/2016,0.035
02/09/2016,0.106
05/09/2016,0.136
06/09/2016,0.144
07/09/2016,0.163
08/09/2016,0.085
09/09/2016,0.241
12/09/2016,0.281
13/09/2016,0.139
14/09/2016,0.169
15/09/2016,1.082
16/09/2016,0.894
19/09/2016,0.899
20/09/2016,0.903
21/09/2016,-0.075
22/09/2016,-0.047
23/09/2016,-0.072
26/09/2016,-0.092
27/09/2016,-0.095
28/09/2016,-0.107
29/09/2016,-0.104
30/09/2016,-0.096
03/10/2016,-0.085
04/10/2016,-0.096
05/10/2016,-0.073
06/10/2016,-0.082
07/10/2016,-0.088
10/10/2016,-0.099
11/10/2016,-0.084
12/10/2016,-0.085
13/10/2016,-0.086
14/10/2016,-0.082
17/10/2016,-0.112
18/10/2016,-0.09
19/10/2016,-0.107
20/10/2016,-0.109
21/10/2016,-0.09
24/10/2016,-0.124
25/10/2016,-0.084
26/10/2016,-0.083
27/10/2016,-0.078
28/10/2016,-0.075
31/10/2016,-0.076
01/11/2016,-0.106
02/11/2016,-0.108
03/11/2016,-0.045
04/11/2016,-0.046
07/11/2016,-0.068
08/11/2016,-0.055
09/11/2016,-0.01
10/11/2016,-0.009
11/11/2016,-0.006
14/11/2016,-0.046
15/11/2016,0.013
16/11/2016,0.031
17/11/2016,0.034
18/11/2016,0.041
21/11/2016,0.02
22/11/2016,0.042
23/11/2016,0.025
24/11/2016,0.034
25/11/2016,-0.048
28/11/2016,-0.049
29/11/2016,0.079
30/11/2016,0.091
01/12/2016,0.109
02/12/2016,0.12
05/12/2016,0.14
06/12/2016,0.129
07/12/2016,-0.066
08/12/2016,0.286
09/12/2016,0.299
12/12/2016,0.073
13/12/2016,0.421
14/12/2016,-0.013
15/12/2016,0.469
16/12/2016,0.816
19/12/2016,0.819
20/12/2016,0.804
21/12/2016,-0.143
22/12/2016,-0.154
23/12/2016,-0.149
26/12/2016,-0.149
27/12/2016,-0.152
28/12/2016,-0.193
29/12/2016,-0.154
30/12/2016,-0.143
02/01/2017,-0.167
03/01/2017,-0.094
04/01/2017,-0.092
05/01/2017,-0.066
06/01/2017,0.023
09/01/2017,-0.051
10/01/2017,-0.025
11/01/2017,-0.066
12/01/2017,-0.04
13/01/2017,-0.015
16/01/2017,-0.02
17/01/2017,0.017
18/01/2017,0.003
19/01/2017,-0.004
20/01/2017,0.026
23/01/2017,0.002
24/01/2017,0.05
25/01/2017,-0.036
26/01/2017,-0.025
27/01/2017,0.038
30/01/2017,-0.008
31/01/2017,-0.026
01/02/2017,-0.028
02/02/2017,-0.035
03/02/2017,0.002
06/02/2017,-0.002
07/02/2017,-0.02
08/02/2017,-0.05
09/02/2017,-0.007
10/02/2017,-0.056
13/02/2017,-0.005
14/02/2017,-0.05
15/02/2017,-0.052
16/02/2017,0.019
17/02/2017,0.026
20/02/2017,0.013
21/02/2017,-0.026
22/02/2017,-0.019
23/02/2017,-0.011
24/02/2017,-0.037
27/02/2017,-0.063
28/02/2017,-0.026
01/03/2017,-0.077
02/03/2017,0.002
03/03/2017,0.03
06/03/2017,0.039
07/03/2017,0.032
08/03/2017,0.044
09/03/2017,0.322
10/03/2017,0.796
13/03/2017,0.799
14/03/2017,0.831
15/03/2017,-0.145
16/03/2017,-0.13
17/03/2017,-0.144
20/03/2017,-0.135
21/03/2017,-0.124
22/03/2017,-0.146
23/03/2017,-0.149
24/03/2017,-0.118
27/03/2017,-0.124
28/03/2017,-0.127
29/03/2017,-0.101
30/03/2017,-0.09
31/03/2017,-0.071
03/04/2017,-0.087
04/04/2017,-0.077
05/04/2017,-0.07
06/04/2017,-0.083
07/04/2017,-0.059
10/04/2017,-0.07
11/04/2017,-0.063
12/04/2017,-0.035
13/04/2017,-0.041
14/04/2017,-0.041
17/04/2017,-0.041
18/04/2017,-0.05
19/04/2017,-0.079
20/04/2017,-0.077
21/04/2017,-0.052
24/04/2017,-0.016
25/04/2017,-0.012
26/04/2017,-0.052
27/04/2017,-0.002
28/04/2017,-0.038
01/05/2017,-0.038
02/05/2017,-0.031
03/05/2017,-0.045
04/05/2017,-0.025
05/05/2017,-0.017
08/05/2017,-0.015
09/05/2017,0.007
10/05/2017,0.007
11/05/2017,0.009
12/05/2017,0.006
15/05/2017,-0.001
16/05/2017,-0.014
17/05/2017,-0.015
18/05/2017,0.007
19/05/2017,-0.029
22/05/2017,-0.012
23/05/2017,-0.023
24/05/2017,-0.027
25/05/2017,-0.014
26/05/2017,-0.014
29/05/2017,-0.026
30/05/2017,-0.035
31/05/2017,-0.053
01/06/2017,-0.051
02/06/2017,-0.032
05/06/2017,-0.032
06/06/2017,-0.033
07/06/2017,-0.038
08/06/2017,-0.032
09/06/2017,-0.003
12/06/2017,0.04
13/06/2017,-0.006
14/06/2017,-0.133
15/06/2017,-0.027
16/06/2017,0.715
19/06/2017,0.718
20/06/2017,0.721
21/06/2017,-0.123
22/06/2017,-0.12
23/06/2017,-0.109
26/06/2017,-0.098
27/06/2017,-0.093
28/06/2017,-0.093
29/06/2017,-0.116
30/06/2017,-0.115
03/07/2017,-0.107
04/07/2017,-0.111
05/07/2017,-0.104
06/07/2017,-0.098
07/07/2017,-0.093
10/07/2017,-0.075
11/07/2017,-0.079
12/07/2017,-0.09
13/07/2017,-0.076
14/07/2017,-0.075
17/07/2017,-0.06
18/07/2017,-0.074
19/07/2017,-0.035
20/07/2017,-0.064
21/07/2017,-0.068
24/07/2017,-0.083
25/07/2017,-0.079
26/07/2017,-0.078
27/07/2017,-0.077
28/07/2017,-0.078
31/07/2017,-0.096
01/08/2017,-0.095
02/08/2017,-0.054
03/08/2017,-0.103
04/08/2017,-0.095
07/08/2017,-0.098
08/08/2017,-0.101
09/08/2017,-0.101
10/08/2017,-0.1
11/08/2017,-0.104
14/08/2017,-0.102
15/08/2017,-0.098
16/08/2017,-0.097
17/08/2017,-0.095
18/08/2017,-0.089
21/08/2017,-0.083
22/08/2017,-0.092
23/08/2017,-0.073
24/08/2017,-0.078
25/08/2017,-0.1
28/08/2017,-0.089
29/08/2017,-0.093
30/08/2017,-0.098
31/08/2017,-0.106
01/09/2017,-0.096
04/09/2017,-0.085
05/09/2017,-0.093
06/09/2017,-0.089
07/09/2017,-0.082
08/09/2017,-0.054
11/09/2017,-0.043
12/09/2017,-0.022
13/09/2017,-0.042
14/09/2017,-0.011
15/09/2017,0.067
18/09/2017,0.057
19/09/2017,0.057
20/09/2017,-0.077
21/09/2017,-0.108
22/09/2017,-0.093
25/09/2017,-0.064
26/09/2017,-0.095
27/09/2017,-0.103
28/09/2017,-0.106
29/09/2017,-0.107
02/10/2017,-0.072
03/10/2017,-0.062
04/10/2017,-0.112
05/10/2017,-0.113
06/10/2017,-0.113
09/10/2017,-0.103
10/10/2017,-0.137
11/10/2017,-0.126
12/10/2017,-0.143
13/10/2017,-0.116
16/10/2017,-0.12
17/10/2017,-0.117
18/10/2017,-0.106
19/10/2017,-0.108
20/10/2017,-0.131
23/10/2017,-0.11
24/10/2017,-0.114
25/10/2017,-0.149
26/10/2017,-0.145
27/10/2017,-0.116
30/10/2017,-0.123
31/10/2017,-0.147
01/11/2017,-0.118
02/11/2017,-0.124
03/11/2017,-0.128
06/11/2017,-0.118
07/11/2017,-0.086
08/11/2017,-0.136
09/11/2017,-0.091
10/11/2017,-0.086
13/11/2017,-0.122
14/11/2017,-0.127
15/11/2017,-0.132
16/11/2017,-0.146
17/11/2017,-0.15
20/11/2017,-0.156
21/11/2017,-0.154
22/11/2017,-0.155
23/11/2017,-0.157
24/11/2017,-0.164
27/11/2017,-0.175
28/11/2017,-0.195
29/11/2017,-0.199
30/11/2017,-0.228
01/12/2017,-0.235
04/12/2017,-0.226
05/12/2017,-0.228
06/12/2017,-0.168
07/12/2017,-0.17
08/12/2017,-0.178
11/12/2017,-0.197
12/12/2017,0.215
13/12/2017,-0.248
14/12/2017,-0.229
15/12/2017,-0.226
18/12/2017,-0.217
19/12/2017,-0.216
20/12/2017,-0.226
21/12/2017,-0.221
22/12/2017,-0.333
25/12/2017,-0.333
26/12/2017,-0.333
27/12/2017,-0.327
28/12/2017,-0.168
29/12/2017,0.022
01/01/2018,0.022
02/01/2018,0.171
03/01/2018,0.192
04/01/2018,0.19
05/01/2018,-0.078
08/01/2018,0.2
09/01/2018,0.196
10/01/2018,-0.079
11/01/2018,-0.084
12/01/2018,-0.079
15/01/2018,-0.081
16/01/2018,-0.07
17/01/2018,-0.077
18/01/2018,-0.063
19/01/2018,-0.074
22/01/2018,-0.072
23/01/2018,-0.059
24/01/2018,-0.066
25/01/2018,-0.064
26/01/2018,-0.061
29/01/2018,-0.055
30/01/2018,-0.061
31/01/2018,-0.088
01/02/2018,-0.099
02/02/2018,-0.113
05/02/2018,-0.107
06/02/2018,-0.098
07/02/2018,-0.053
08/02/2018,-0.065
09/02/2018,-0.06
12/02/2018,-0.055
13/02/2018,-0.061
14/02/2018,-0.068
15/02/2018,-0.072
16/02/2018,-0.069
19/02/2018,-0.079
20/02/2018,-0.068
21/02/2018,-0.07
22/02/2018,-0.071
23/02/2018,-0.074
26/02/2018,-0.048
27/02/2018,-0.058
28/02/2018,-0.067
01/03/2018,-0.051
02/03/2018,-0.065
05/03/2018,-0.076
06/03/2018,-0.072
07/03/2018,-0.031
08/03/2018,-0.07
09/03/2018,-0.078
12/03/2018,-0.042
13/03/2018,-0.041
14/03/2018,-0.03
15/03/2018,-0.083
16/03/2018,-0.086
19/03/2018,-0.05
20/03/2018,-0.048
21/03/2018,-0.034
22/03/2018,-0.026
23/03/2018,-0.023
26/03/2018,-0.039
27/03/2018,-0.042
28/03/2018,-0.035
29/03/2018,-0.025
30/03/2018,-0.025
02/04/2018,-0.025
03/04/2018,-0.026
04/04/2018,-0.018
05/04/2018,-0.013
06/04/2018,-0.006
09/04/2018,0.019
10/04/2018,0.026
11/04/2018,0.025
12/04/2018,0.034
13/04/2018,0.026
16/04/2018,0.025
17/04/2018,0.024
18/04/2018,0.023
19/04/2018,0.024
20/04/2018,0.025
23/04/2018,0.025
24/04/2018,0.029
25/04/2018,0.03
26/04/2018,0.037
27/04/2018,0.039
30/04/2018,0.038
01/05/2018,0.038
02/05/2018,0.04
03/05/2018,0.03
04/05/2018,0.032
07/05/2018,0.09
08/05/2018,0.083
09/05/2018,0.084
10/05/2018,0.087
11/05/2018,0.089
14/05/2018,0.091
15/05/2018,0.089
16/05/2018,0.09
17/05/2018,0.091
18/05/2018,0.072
21/05/2018,0.069
22/05/2018,0.071
23/05/2018,0.067
24/05/2018,0.065
25/05/2018,0.083
28/05/2018,0.062
29/05/2018,0.054
30/05/2018,0.021
31/05/2018,0.033
01/06/2018,0.073
04/06/2018,0.051
05/06/2018,0.066
06/06/2018,0.069
07/06/2018,0.089
08/06/2018,0.086
11/06/2018,0.087
12/06/2018,0.087
13/06/2018,0.088
14/06/2018,0.092
15/06/2018,0.092
18/06/2018,0.086
19/06/2018,-0.114
20/06/2018,0.046
21/06/2018,0.128
22/06/2018,0.025
25/06/2018,0.026
26/06/2018,0.028
27/06/2018,0.019
28/06/2018,0.019
29/06/2018,0.026
02/07/2018,0.028
03/07/2018,0.027
04/07/2018,0.1
05/07/2018,0.013
06/07/2018,0.026
09/07/2018,0.015
10/07/2018,0.026
11/07/2018,0.019
12/07/2018,0.02
13/07/2018,0.006
16/07/2018,0.109
17/07/2018,0.001
18/07/2018,0.022
19/07/2018,0.023
20/07/2018,0.152
23/07/2018,0.147
24/07/2018,0.023
25/07/2018,0.016
26/07/2018,0.018
27/07/2018,0.171
30/07/2018,0.031
31/07/2018,0.218
01/08/2018,0.034
02/08/2018,0.037
03/08/2018,0.197
06/08/2018,0.028
07/08/2018,0.209
08/08/2018,0.209
09/08/2018,0.247
10/08/2018,0.241
13/08/2018,0.248
14/08/2018,0.245
15/08/2018,0.032
16/08/2018,0.02
17/08/2018,0.031
20/08/2018,0.03
21/08/2018,0.03
22/08/2018,0.028
23/08/2018,0.016
24/08/2018,0.031
27/08/2018,0.03
28/08/2018,0.031
29/08/2018,0.034
30/08/2018,0.037
31/08/2018,0.039
03/09/2018,0.044
04/09/2018,0.05
05/09/2018,0.039
06/09/2018,0.047
07/09/2018,0.056
10/09/2018,0.064
11/09/2018,0.067
12/09/2018,0.08
13/09/2018,0.185
14/09/2018,0.089
17/09/2018,0.108
18/09/2018,0.112
19/09/2018,0.143
20/09/2018,0.128
21/09/2018,0.131
24/09/2018,0.134
25/09/2018,0.137
26/09/2018,0.134
27/09/2018,0.137
28/09/2018,0.103
01/10/2018,0.1
02/10/2018,0.134
03/10/2018,0.136
04/10/2018,0.07
05/10/2018,0.071
08/10/2018,0.07
09/10/2018,0.069
10/10/2018,0.098
11/10/2018,0.051
12/10/2018,0.038
15/10/2018,0.028
16/10/2018,0.059
17/10/2018,0.055
18/10/2018,0.054
19/10/2018,0.059
22/10/2018,0.063
23/10/2018,0.1
24/10/2018,0.064
25/10/2018,0.052
26/10/2018,0.047
29/10/2018,0.066
30/10/2018,0.063
31/10/2018,0.05
01/11/2018,0.069
02/11/2018,0.067
05/11/2018,0.087
06/11/2018,0.084
07/11/2018,0.088
08/11/2018,0.08
09/11/2018,0.087
12/11/2018,0.108
13/11/2018,0.111
14/11/2018,0.111
15/11/2018,0.103
16/11/2018,0.097
19/11/2018,0.105
20/11/2018,0.096
21/11/2018,0.096
22/11/2018,0.094
23/11/2018,0.057
26/11/2018,0.037
27/11/2018,0.009
28/11/2018,0.021
29/11/2018,0.059
30/11/2018,0.071
03/12/2018,0.058
04/12/2018,0.026
05/12/2018,0.029
06/12/2018,0.093
07/12/2018,0.083
10/12/2018,0.068
11/12/2018,0.043
12/12/2018,0.05
13/12/2018,0.041
14/12/2018,-0.031
17/12/2018,-0.186
18/12/2018,-0.198
19/12/2018,-0.105
20/12/2018,-0.122
21/12/2018,-0.069
24/12/2018,-0.075
25/12/2018,-0.075
26/12/2018,-0.075
27/12/2018,-0.007
28/12/2018,0
31/12/2018,-0.005
01/01/2019,-0.005
02/01/2019,0.032
03/01/2019,0.186
04/01/2019,0.187
07/01/2019,0.191
08/01/2019,0.198
09/01/2019,0.199
10/01/2019,0.201
11/01/2019,0.216
14/01/2019,0.223
15/01/2019,0.222
16/01/2019,0.227
17/01/2019,0.232
18/01/2019,0.232
21/01/2019,0.24
22/01/2019,0.243
23/01/2019,0.248
24/01/2019,0.264
25/01/2019,0.281
28/01/2019,0.292
29/01/2019,0.286
30/01/2019,0.3
31/01/2019,0.297
01/02/2019,0.312
04/02/2019,0.307
05/02/2019,0.315
06/02/2019,0.318
07/02/2019,0.321
08/02/2019,0.335
11/02/2019,0.341
12/02/2019,0.341
13/02/2019,0.348
14/02/2019,0.36
15/02/2019,0.366
18/02/2019,0.375
19/02/2019,0.377
20/02/2019,0.379
21/02/2019,0.404
22/02/2019,0.414
25/02/2019,0.418
26/02/2019,0.431
27/02/2019,0.435
28/02/2019,0.495
01/03/2019,0.511
04/03/2019,0.225
05/03/2019,0.216
06/03/2019,0.233
07/03/2019,0.23
08/03/2019,0.222
11/03/2019,0.215
12/03/2019,0.235
13/03/2019,0.218
14/03/2019,0.227
15/03/2019,0.241
18/03/2019,0.24
19/03/2019,0.302
20/03/2019,0.302
21/03/2019,0.361
22/03/2019,0.356
25/03/2019,0.36
26/03/2019,0.358
27/03/2019,0.365
28/03/2019,0.368
29/03/2019,0.369
01/04/2019,0.375
02/04/2019,0.313
03/04/2019,0.377
04/04/2019,0.381
05/04/2019,0.387
08/04/2019,0.32
09/04/2019,0.394
10/04/2019,0.318
11/04/2019,0.316
12/04/2019,0.4
15/04/2019,0.326
16/04/2019,0.323
17/04/2019,0.323
18/04/2019,0.323
19/04/2019,0.322
22/04/2019,0.322
23/04/2019,0.321
24/04/2019,0.322
25/04/2019,0.316
26/04/2019,0.319
29/04/2019,0.314
30/04/2019,0.311
01/05/2019,0.311
02/05/2019,0.304
03/05/2019,0.305
06/05/2019,0.302
07/05/2019,0.291
08/05/2019,0.289
09/05/2019,0.288
10/05/2019,0.316
13/05/2019,0.321
14/05/2019,0.323
15/05/2019,0.316
16/05/2019,0.325
17/05/2019,0.325
20/05/2019,0.33
21/05/2019,0.331
22/05/2019,0.32
23/05/2019,0.314
24/05/2019,0.311
27/05/2019,0.304
28/05/2019,0.315
29/05/2019,0.313
30/05/2019,0.312
31/05/2019,0.317
03/06/2019,0.285
04/06/2019,0.289
05/06/2019,0.284
06/06/2019,0.29
07/06/2019,0.29
10/06/2019,0.292
11/06/2019,0.291
12/06/2019,0.29
13/06/2019,0.303
14/06/2019,0.283
17/06/2019,0.302
18/06/2019,0.263
19/06/2019,0.27
20/06/2019,0.273
21/06/2019,0.274
24/06/2019,0.275
25/06/2019,0.323
26/06/2019,0.316
27/06/2019,0.381
28/06/2019,0.38
01/07/2019,0.389
02/07/2019,0.381
03/07/2019,0.392
04/07/2019,0.392
05/07/2019,0.395
08/07/2019,0.384
09/07/2019,0.391
10/07/2019,0.386
11/07/2019,0.392
12/07/2019,0.391
15/07/2019,0.355
16/07/2019,0.354
17/07/2019,0.382
18/07/2019,0.388
19/07/2019,0.389
22/07/2019,0.359
23/07/2019,0.392
24/07/2019,0.356
25/07/2019,0.385
26/07/2019,0.39
29/07/2019,0.396
30/07/2019,0.402
31/07/2019,0.401
01/08/2019,0.402
02/08/2019,0.399
05/08/2019,0.402
06/08/2019,0.399
07/08/2019,0.393
08/08/2019,0.383
09/08/2019,0.374
12/08/2019,0.372
13/08/2019,0.359
14/08/2019,0.349
15/08/2019,0.332
16/08/2019,0.285
19/08/2019,0.294
20/08/2019,0.316
21/08/2019,0.323
22/08/2019,0.352
23/08/2019,0.355
26/08/2019,0.329
27/08/2019,0.322
28/08/2019,0.324
29/08/2019,0.314
30/08/2019,0.338
02/09/2019,0.331
03/09/2019,0.332
04/09/2019,0.331
05/09/2019,0.332
06/09/2019,0.341
09/09/2019,0.34
10/09/2019,0.326
11/09/2019,0.314
12/09/2019,0.324
13/09/2019,0.343
16/09/2019,0.334
17/09/2019,0.336
18/09/2019,0.327
19/09/2019,0.48
20/09/2019,0.468
23/09/2019,0.384
24/09/2019,0.385
25/09/2019,0.388
26/09/2019,0.389
27/09/2019,0.38
30/09/2019,0.385
01/10/2019,0.377
02/10/2019,0.377
03/10/2019,0.381
04/10/2019,0.372
07/10/2019,0.399
08/10/2019,0.393
09/10/2019,0.376
10/10/2019,0.353
11/10/2019,0.347
14/10/2019,0.364
15/10/2019,0.367
16/10/2019,0.373
17/10/2019,0.372
18/10/2019,0.373
21/10/2019,0.524
22/10/2019,0.521
23/10/2019,0.365
24/10/2019,0.364
25/10/2019,0.362
28/10/2019,0.386
29/10/2019,0.396
30/10/2019,0.4
31/10/2019,0.407
01/11/2019,0.404
04/11/2019,0.409
05/11/2019,0.424
06/11/2019,0.425
07/11/2019,0.431
08/11/2019,0.431
11/11/2019,0.442
12/11/2019,0.449
13/11/2019,0.447
14/11/2019,0.444
15/11/2019,0.443
18/11/2019,0.445
19/11/2019,0.455
20/11/2019,0.448
21/11/2019,0.454
22/11/2019,0.474
25/11/2019,0.459
26/11/2019,0.459
27/11/2019,0.463
28/11/2019,0.455
29/11/2019,0.45
02/12/2019,0.462
03/12/2019,0.45
04/12/2019,0.456
05/12/2019,0.461
06/12/2019,0.466
09/12/2019,0.477
10/12/2019,0.485
11/12/2019,0.456
12/12/2019,0.473
13/12/2019,0.487
16/12/2019,0.479
17/12/2019,0.272
18/12/2019,0.23
19/12/2019,0.236
20/12/2019,0.292
23/12/2019,0.28
24/12/2019,0.294
25/12/2019,0.294
26/12/2019,0.294
27/12/2019,0.252
30/12/2019,0.259
31/12/2019,0.259
01/01/2020,0.259
02/01/2020,0.249
03/01/2020,0.335
06/01/2020,0.337
07/01/2020,0.372
08/01/2020,0.35
09/01/2020,0.331
10/01/2020,0.362
13/01/2020,0.37
14/01/2020,0.405
15/01/2020,0.385
16/01/2020,0.412
17/01/2020,0.389
20/01/2020,0.389
21/01/2020,0.403
22/01/2020,0.392
23/01/2020,0.4
24/01/2020,0.402
27/01/2020,0.403
28/01/2020,0.399
29/01/2020,0.391
30/01/2020,0.405
31/01/2020,0.406
03/02/2020,0.409
04/02/2020,0.413
05/02/2020,0.426
06/02/2020,0.427
07/02/2020,0.434
10/02/2020,0.434
11/02/2020,0.425
12/02/2020,0.408
13/02/2020,0.45
14/02/2020,0.453
17/02/2020,0.466
18/02/2020,0.466
19/02/2020,0.494
20/02/2020,0.492
21/02/2020,0.494
24/02/2020,0.491
25/02/2020,0.492
26/02/2020,0.479
27/02/2020,0.474
28/02/2020,0.464
02/03/2020,0.458
03/03/2020,0.456
04/03/2020,0.43
05/03/2020,0.427
06/03/2020,0.432
09/03/2020,0.431
10/03/2020,0.433
11/03/2020,0.42
12/03/2020,0.435
13/03/2020,0.429
16/03/2020,0.484
17/03/2020,0.48
18/03/2020,-0.186
19/03/2020,-0.154
20/03/2020,-0.191
23/03/2020,-0.183
24/03/2020,-0.165
25/03/2020,-0.15
26/03/2020,-0.148
27/03/2020,-0.149
30/03/2020,-0.094
31/03/2020,-0.088
01/04/2020,-0.1
02/04/2020,-0.134
03/04/2020,-0.13
06/04/2020,-0.167
07/04/2020,-0.164
08/04/2020,-0.167
09/04/2020,-0.161
10/04/2020,-0.161
13/04/2020,-0.161
14/04/2020,-0.16
15/04/2020,-0.148
16/04/2020,-0.137
17/04/2020,-0.129
20/04/2020,-0.035
21/04/2020,-0.052
22/04/2020,-0.06
23/04/2020,-0.055
24/04/2020,-0.054
27/04/2020,-0.059
28/04/2020,-0.065
29/04/2020,-0.087
30/04/2020,-0.098
01/05/2020,-0.098
04/05/2020,-0.104
05/05/2020,-0.132
06/05/2020,-0.127
07/05/2020,-0.218
08/05/2020,-0.219
11/05/2020,-0.231
12/05/2020,-0.234
13/05/2020,-0.242
14/05/2020,-0.213
15/05/2020,-0.219
18/05/2020,-0.231
19/05/2020,-0.224
20/05/2020,-0.227
21/05/2020,-0.228
22/05/2020,-0.229
25/05/2020,-0.224
26/05/2020,-0.225
27/05/2020,-0.221
28/05/2020,-0.238
29/05/2020,-0.233
01/06/2020,-0.234
02/06/2020,-0.235
03/06/2020,-0.232
04/06/2020,-0.232
05/06/2020,-0.229
08/06/2020,-0.228
09/06/2020,-0.232
10/06/2020,-0.244
11/06/2020,-0.238
12/06/2020,-0.235
15/06/2020,-0.212
16/06/2020,-0.214
17/06/2020,-0.214
18/06/2020,-0.217
19/06/2020,-0.234
22/06/2020,-0.232
23/06/2020,-0.236
24/06/2020,-0.221
25/06/2020,-0.232
26/06/2020,-0.219
29/06/2020,-0.224
30/06/2020,-0.226
01/07/2020,-0.216
02/07/2020,-0.231
03/07/2020,-0.221
06/07/2020,-0.231
07/07/2020,-0.239
08/07/2020,-0.238
09/07/2020,-0.239
10/07/2020,-0.239
13/07/2020,-0.238
14/07/2020,-0.228
15/07/2020,-0.237
16/07/2020,-0.236
17/07/2020,-0.231
20/07/2020,-0.245
21/07/2020,-0.232
22/07/2020,-0.235
23/07/2020,-0.243
24/07/2020,-0.243
27/07/2020,-0.235
28/07/2020,-0.247
29/07/2020,-0.238
30/07/2020,-0.239
31/07/2020,-0.239
03/08/2020,-0.235
04/08/2020,-0.239
05/08/2020,-0.241
06/08/2020,-0.241
07/08/2020,-0.238
10/08/2020,-0.241
11/08/2020,-0.239
12/08/2020,-0.235
13/08/2020,-0.246
14/08/2020,-0.246
17/08/2020,-0.246
18/08/2020,-0.246
19/08/2020,-0.246
20/08/2020,-0.235
21/08/2020,-0.247
24/08/2020,-0.248
25/08/2020,-0.238
26/08/2020,-0.236
27/08/2020,-0.242
28/08/2020,-0.24
31/08/2020,-0.244
01/09/2020,-0.243
02/09/2020,-0.244
03/09/2020,-0.245
04/09/2020,-0.255
07/09/2020,-0.261
08/09/2020,-0.247
09/09/2020,-0.243
10/09/2020,-0.191
11/09/2020,-0.246
14/09/2020,-0.244
15/09/2020,-0.245
16/09/2020,-0.323
17/09/2020,-0.328
18/09/2020,-0.33
21/09/2020,-0.311
22/09/2020,-0.331
23/09/2020,-0.331
24/09/2020,-0.327
25/09/2020,-0.309
28/09/2020,-0.312
29/09/2020,-0.312
30/09/2020,-0.312
01/10/2020,-0.321
02/10/2020,-0.315
05/10/2020,-0.292
06/10/2020,-0.299
07/10/2020,-0.303
08/10/2020,-0.304
09/10/2020,-0.296
12/10/2020,-0.297
13/10/2020,-0.308
14/10/2020,-0.306
15/10/2020,-0.307
16/10/2020,-0.312
19/10/2020,-0.305
20/10/2020,-0.301
21/10/2020,-0.299
22/10/2020,-0.307
23/10/2020,-0.3
26/10/2020,-0.3
27/10/2020,-0.3
28/10/2020,-0.299
29/10/2020,-0.292
30/10/2020,-0.289
02/11/2020,-0.285
03/11/2020,-0.288
04/11/2020,-0.291
05/11/2020,-0.295
06/11/2020,-0.293
09/11/2020,-0.297
10/11/2020,-0.255
11/11/2020,-0.251
12/11/2020,-0.246
13/11/2020,-0.243
16/11/2020,-0.241
17/11/2020,-0.244
18/11/2020,-0.248
19/11/2020,-0.249
20/11/2020,-0.243
23/11/2020,-0.252
24/11/2020,-0.258
25/11/2020,-0.252
26/11/2020,-0.253
27/11/2020,-0.253
30/11/2020,-0.253
01/12/2020,-0.26
02/12/2020,-0.258
03/12/2020,-0.267
04/12/2020,-0.273
07/12/2020,-0.279
08/12/2020,-0.273
09/12/2020,-0.278
10/12/2020,-0.262
11/12/2020,-0.244
14/12/2020,-0.276
15/12/2020,-0.257
16/12/2020,-0.337
17/12/2020,-0.332
18/12/2020,-0.336
21/12/2020,-0.358
22/12/2020,-0.347
23/12/2020,-0.337
24/12/2020,-0.33
25/12/2020,-0.33
28/12/2020,-0.355
29/12/2020,-0.357
30/12/2020,-0.349
31/12/2020,-0.341
01/01/2021,-0.341
04/01/2021,-0.262
05/01/2021,-0.271
06/01/2021,-0.277
07/01/2021,-0.252
08/01/2021,-0.261
11/01/2021,-0.26
12/01/2021,-0.255
13/01/2021,-0.242
14/01/2021,-0.245
15/01/2021,-0.248
18/01/2021,-0.242
19/01/2021,-0.243
20/01/2021,-0.243
21/01/2021,-0.237
22/01/2021,-0.243
25/01/2021,-0.237
26/01/2021,-0.237
27/01/2021,-0.24
28/01/2021,-0.239
29/01/2021,-0.24
01/02/2021,-0.235
02/02/2021,-0.239
03/02/2021,-0.23
04/02/2021,-0.229
05/02/2021,-0.227
08/02/2021,-0.22
09/02/2021,-0.22
10/02/2021,-0.217
11/02/2021,-0.231
12/02/2021,-0.225
15/02/2021,-0.213
16/02/2021,-0.205
17/02/2021,-0.194
18/02/2021,-0.187
19/02/2021,-0.165
22/02/2021,-0.178
23/02/2021,-0.167
24/02/2021,-0.179
25/02/2021,-0.132
26/02/2021,-0.135
01/03/2021,-0.149
02/03/2021,-0.138
03/03/2021,-0.157
04/03/2021,-0.153
05/03/2021,-0.154
08/03/2021,-0.169
09/03/2021,-0.166
10/03/2021,-0.169
11/03/2021,-0.122
12/03/2021,-0.159
15/03/2021,-0.157
16/03/2021,-0.152
17/03/2021,-0.207
18/03/2021,-0.128
19/03/2021,-0.127
22/03/2021,-0.21
23/03/2021,-0.125
24/03/2021,-0.125
25/03/2021,-0.128
26/03/2021,-0.121
29/03/2021,-0.122
30/03/2021,-0.109
31/03/2021,-0.105
01/04/2021,-0.103
02/04/2021,-0.103
05/04/2021,-0.103
06/04/2021,-0.103
07/04/2021,-0.109
08/04/2021,-0.097
09/04/2021,-0.094
12/04/2021,-0.088
13/04/2021,-0.085
14/04/2021,-0.083
15/04/2021,-0.079
16/04/2021,-0.074
19/04/2021,-0.072
20/04/2021,-0.063
21/04/2021,-0.068
22/04/2021,-0.053
23/04/2021,-0.053
26/04/2021,-0.205
27/04/2021,-0.043
28/04/2021,-0.207
29/04/2021,-0.222
30/04/2021,-0.21
03/05/2021,-0.221
04/05/2021,-0.211
05/05/2021,-0.225
06/05/2021,-0.211
07/05/2021,-0.223
10/05/2021,-0.219
11/05/2021,-0.218
12/05/2021,-0.221
13/05/2021,-0.222
14/05/2021,-0.204
17/05/2021,-0.203
18/05/2021,-0.227
19/05/2021,-0.258
20/05/2021,-0.273
21/05/2021,-0.287
24/05/2021,-0.284
25/05/2021,-0.29
26/05/2021,-0.249
27/05/2021,-0.248
28/05/2021,-0.289
31/05/2021,-0.3
01/06/2021,-0.227
02/06/2021,-0.284
03/06/2021,-0.286
04/06/2021,-0.173
07/06/2021,-0.286
08/06/2021,-0.294
09/06/2021,-0.289
10/06/2021,-0.289
11/06/2021,-0.299
14/06/2021,-0.299
15/06/2021,-0.298
16/06/2021,-0.301
17/06/2021,-0.295
18/06/2021,-0.282
21/06/2021,-0.286
22/06/2021,-0.278
23/06/2021,-0.282
24/06/2021,-0.286
25/06/2021,-0.285
28/06/2021,-0.269
29/06/2021,-0.284
30/06/2021,-0.269
01/07/2021,-0.277
02/07/2021,-0.282
05/07/2021,-0.29
06/07/2021,-0.283
07/07/2021,-0.279
08/07/2021,-0.28
09/07/2021,-0.284
12/07/2021,-0.285
13/07/2021,-0.289
14/07/2021,-0.288
15/07/2021,-0.289
16/07/2021,-0.29
19/07/2021,-0.292
20/07/2021,-0.295
21/07/2021,-0.283
22/07/2021,-0.292
23/07/2021,-0.301
26/07/2021,-0.293
27/07/2021,-0.291
28/07/2021,-0.293
29/07/2021,-0.295
30/07/2021,-0.294
02/08/2021,-0.298
03/08/2021,-0.295
04/08/2021,-0.296
05/08/2021,-0.297
06/08/2021,-0.3
09/08/2021,-0.3
10/08/2021,-0.295
11/08/2021,-0.297
12/08/2021,-0.306
13/08/2021,-0.305
16/08/2021,-0.307
17/08/2021,-0.304
18/08/2021,-0.305
19/08/2021,-0.306
20/08/2021,-0.305
23/08/2021,-0.304
24/08/2021,-0.302
25/08/2021,-0.303
26/08/2021,-0.303
27/08/2021,-0.303
30/08/2021,-0.306
31/08/2021,-0.302
01/09/2021,-0.303
02/09/2021,-0.289
03/09/2021,-0.29
06/09/2021,-0.3
07/09/2021,-0.297
08/09/2021,-0.298
09/09/2021,-0.294
10/09/2021,-0.295
13/09/2021,-0.195
14/09/2021,-0.272
15/09/2021,-0.277
16/09/2021,-0.28
17/09/2021,-0.28
20/09/2021,-0.273
21/09/2021,-0.27
22/09/2021,-0.258
23/09/2021,-0.259
24/09/2021,-0.257
27/09/2021,-0.268
28/09/2021,-0.259
29/09/2021,-0.263
30/09/2021,-0.273
01/10/2021,-0.264
04/10/2021,-0.261
05/10/2021,-0.254
06/10/2021,-0.256
07/10/2021,-0.254
08/10/2021,-0.281
11/10/2021,-0.25
12/10/2021,-0.244
13/10/2021,-0.243
14/10/2021,-0.243
15/10/2021,-0.237
18/10/2021,-0.249
19/10/2021,-0.246
20/10/2021,-0.234
21/10/2021,-0.231
22/10/2021,-0.235
25/10/2021,-0.238
26/10/2021,-0.234
27/10/2021,-0.25
28/10/2021,-0.245
29/10/2021,-0.243
01/11/2021,-0.238
02/11/2021,-0.262
03/11/2021,-0.262
04/11/2021,-0.254
05/11/2021,-0.248
08/11/2021,-0.194
09/11/2021,-0.221
10/11/2021,-0.228
11/11/2021,-0.207
12/11/2021,-0.292
15/11/2021,-0.29
16/11/2021,-0.237
17/11/2021,-0.238
18/11/2021,-0.245
19/11/2021,-0.223
22/11/2021,-0.224
23/11/2021,-0.195
24/11/2021,-0.225
25/11/2021,-0.192
26/11/2021,-0.176
29/11/2021,-0.298
30/11/2021,-0.162
01/12/2021,-0.132
02/12/2021,-0.077
03/12/2021,-0.049
06/12/2021,-0.243
07/12/2021,-0.264
08/12/2021,-0.257
09/12/2021,-0.257
10/12/2021,-0.214
13/12/2021,-0.2
14/12/2021,-0.222
15/12/2021,-0.245
16/12/2021,-0.157
17/12/2021,-0.217
20/12/2021,-0.22
21/12/2021,-0.219
22/12/2021,-0.216
23/12/2021,-0.21
24/12/2021,-0.217
27/12/2021,-0.189
28/12/2021,-0.2
29/12/2021,-0.145
30/12/2021,-0.089
31/12/2021,-0.131
03/01/2022,-0.034
04/01/2022,-0.058
05/01/2022,-0.034
06/01/2022,-0.015
07/01/2022,-0.008
10/01/2022,-0.027
11/01/2022,-0.013
12/01/2022,0
13/01/2022,-0.019
14/01/2022,-0.018
17/01/2022,-0.047
18/01/2022,-0.015
19/01/2022,-0.013
20/01/2022,-0.015
21/01/2022,-0.044
24/01/2022,-0.019
25/01/2022,-0.019
26/01/2022,-0.015
27/01/2022,0.027
28/01/2022,-0.001
31/01/2022,0.003
01/02/2022,0.001
02/02/2022,0.01
03/02/2022,-0.009
04/02/2022,0.007
07/02/2022,-0.007
08/02/2022,0.011
09/02/2022,0.01
10/02/2022,0.012
11/02/2022,-0.016
14/02/2022,-0.034
15/02/2022,-0.04
16/02/2022,-0.026
17/02/2022,-0.026
18/02/2022,-0.041
21/02/2022,-0.029
22/02/2022,-0.022
23/02/2022,-0.015
24/02/2022,-0.036
25/02/2022,-0.004
28/02/2022,-0.039
01/03/2022,-0.008
02/03/2022,-0.003
03/03/2022,0.007
04/03/2022,-0.055
07/03/2022,0.022
08/03/2022,0.08
09/03/2022,0.095
10/03/2022,0.305
11/03/2022,0.769
14/03/2022,0.009
15/03/2022,0.035
16/03/2022,0.014
17/03/2022,0.048
18/03/2022,0.041
21/03/2022,0.039
22/03/2022,0.012
23/03/2022,0.03
24/03/2022,0.047
25/03/2022,0.031
28/03/2022,0.028
29/03/2022,0.039
30/03/2022,0.056
31/03/2022,0.083
01/04/2022,0.062
04/04/2022,0.088
05/04/2022,0.093
06/04/2022,0.093
07/04/2022,0.091
08/04/2022,0.086
11/04/2022,0.129
12/04/2022,0.11
13/04/2022,0.081
14/04/2022,0.096
15/04/2022,0.096
18/04/2022,0.096
19/04/2022,0.103
20/04/2022,0.093
21/04/2022,0.087
22/04/2022,0.088
25/04/2022,0.06
26/04/2022,0.093
27/04/2022,0.1
28/04/2022,0.04
29/04/2022,0.058
02/05/2022,0.126
03/05/2022,0.068
04/05/2022,0.131
05/05/2022,0.139
06/05/2022,0.088
09/05/2022,0.155
10/05/2022,0.08
11/05/2022,0.222
12/05/2022,0.227
13/05/2022,0.241
16/05/2022,0.24
17/05/2022,0.246
18/05/2022,0.265
19/05/2022,0.276
20/05/2022,0.159
23/05/2022,0.168
24/05/2022,0.3
25/05/2022,0.307
26/05/2022,0.308
27/05/2022,0.322
30/05/2022,0.158
31/05/2022,0.358
01/06/2022,0.383
02/06/2022,0.167
03/06/2022,0.573
06/06/2022,0.574
07/06/2022,0.664
08/06/2022,0.769
09/06/2022,0.179
10/06/2022,0.183
13/06/2022,3.116
14/06/2022,0.436
15/06/2022,0.385
16/06/2022,0.458
17/06/2022,0.471
20/06/2022,0.416
21/06/2022,0.456
22/06/2022,0.406
23/06/2022,0.53
24/06/2022,0.502
27/06/2022,0.493
28/06/2022,0.516
29/06/2022,0.564
30/06/2022,0.56
01/07/2022,0.568
04/07/2022,0.601
05/07/2022,0.577
06/07/2022,0.503
07/07/2022,0.542
08/07/2022,0.577
11/07/2022,0.7
12/07/2022,0.704
13/07/2022,0.726
14/07/2022,0.785
15/07/2022,0.816
18/07/2022,0.805
19/07/2022,0.799
20/07/2022,0.85
21/07/2022,0.896
22/07/2022,0.824
25/07/2022,0.832
26/07/2022,0.818
27/07/2022,0.918
28/07/2022,0.829
29/07/2022,0.841
01/08/2022,0.913
02/08/2022,0.813
03/08/2022,0.855
04/08/2022,0.853
05/08/2022,0.893
08/08/2022,0.841
09/08/2022,0.97
10/08/2022,0.849
11/08/2022,0.866
12/08/2022,1.029
15/08/2022,0.88
16/08/2022,1.046
17/08/2022,1.078
18/08/2022,1.1
19/08/2022,1.12
22/08/2022,0.916
23/08/2022,1.11
24/08/2022,1.111
25/08/2022,0.878
26/08/2022,0.9
29/08/2022,0.911
30/08/2022,0.955
31/08/2022,1.201
01/09/2022,1.274
02/09/2022,1.376
05/09/2022,1.395
06/09/2022,1.07
07/09/2022,1.121
08/09/2022,1.217
09/09/2022,1.184
12/09/2022,1.242
13/09/2022,1.28
14/09/2022,1.252
15/09/2022,1.262
16/09/2022,1.331
19/09/2022,1.37
20/09/2022,1.743
21/09/2022,1.7
22/09/2022,1.74
23/09/2022,1.761
26/09/2022,1.762
27/09/2022,1.718
28/09/2022,1.678
29/09/2022,1.683
30/09/2022,1.728
03/10/2022,1.623
04/10/2022,1.695
05/10/2022,1.61
06/10/2022,1.693
07/10/2022,1.691
10/10/2022,1.696
11/10/2022,1.735
12/10/2022,1.818
13/10/2022,1.776
14/10/2022,1.859
17/10/2022,1.803
18/10/2022,1.797
19/10/2022,1.772
20/10/2022,1.792
21/10/2022,1.793
24/10/2022,1.901
25/10/2022,1.778
26/10/2022,1.809
27/10/2022,1.792
28/10/2022,1.787
31/10/2022,1.966
01/11/2022,1.834
02/11/2022,1.863
03/11/2022,1.857
04/11/2022,1.817
07/11/2022,2.107
08/11/2022,2.183
09/11/2022,2.133
10/11/2022,2.096
11/11/2022,2.145
14/11/2022,2.147
15/11/2022,2.159
16/11/2022,2.137
17/11/2022,2.181
18/11/2022,2.131
21/11/2022,2.173
22/11/2022,2.102
23/11/2022,2.169
24/11/2022,2.199
25/11/2022,2.172
28/11/2022,2.23
29/11/2022,2.208
30/11/2022,2.258
01/12/2022,2.228
02/12/2022,2.242
05/12/2022,2.205
06/12/2022,2.209
07/12/2022,2.24
08/12/2022,2.309
09/12/2022,2.261
12/12/2022,2.3
13/12/2022,2.461
14/12/2022,2.508
15/12/2022,2.393
16/12/2022,3.334
19/12/2022,2.394
20/12/2022,2.456
21/12/2022,2.425
22/12/2022,2.422
23/12/2022,2.433
26/12/2022,2.433
27/12/2022,2.428
28/12/2022,2.433
29/12/2022,2.397
30/12/2022,2.44
02/01/2023,2.52
03/01/2023,2.473
04/01/2023,2.472
05/01/2023,2.492
06/01/2023,2.513
09/01/2023,2.696
10/01/2023,2.664
11/01/2023,2.658
12/01/2023,2.635
13/01/2023,2.68
16/01/2023,2.659
17/01/2023,2.635
18/01/2023,2.638
19/01/2023,2.68
20/01/2023,2.7
23/01/2023,2.671
24/01/2023,2.675
25/01/2023,2.695
26/01/2023,2.709
27/01/2023,2.723
30/01/2023,2.728
31/01/2023,2.766
01/02/2023,2.769
02/02/2023,2.826
03/02/2023,2.817
06/02/2023,2.835
07/02/2023,2.81
08/02/2023,2.845
09/02/2023,2.858
10/02/2023,2.871
13/02/2023,2.863
14/02/2023,2.87
15/02/2023,2.768
16/02/2023,2.909
17/02/2023,2.924
20/02/2023,2.812
21/02/2023,2.959
22/02/2023,2.818
23/02/2023,3.014
24/02/2023,3.05
27/02/2023,2.843
28/02/2023,2.848
01/03/2023,2.847
02/03/2023,2.875
03/03/2023,2.865
06/03/2023,3.04
07/03/2023,3.094
08/03/2023,2.978
09/03/2023,3.38
10/03/2023,3.745
13/03/2023,3.035
14/03/2023,3.002
15/03/2023,2.879
16/03/2023,2.919
17/03/2023,2.921
20/03/2023,2.942
21/03/2023,2.973
22/03/2023,2.943
23/03/2023,2.965
24/03/2023,2.985
27/03/2023,3.001
28/03/2023,2.99
29/03/2023,2.993
30/03/2023,2.97
31/03/2023,3.036
03/04/2023,3.06
04/04/2023,3.059
05/04/2023,3.034
06/04/2023,3.028
07/04/2023,3.028
10/04/2023,3.028
11/04/2023,3.122
12/04/2023,3.126
13/04/2023,3.077
14/04/2023,3.17
17/04/2023,3.152
18/04/2023,3.147
19/04/2023,3.21
20/04/2023,3.156
21/04/2023,3.1
24/04/2023,3.177
25/04/2023,3.154
26/04/2023,3.143
27/04/2023,3.153
28/04/2023,3.18
01/05/2023,3.18
02/05/2023,3.144
03/05/2023,3.166
04/05/2023,3.175
05/05/2023,3.158
08/05/2023,3.267
09/05/2023,3.267
10/05/2023,3.203
11/05/2023,3.277
12/05/2023,3.255
15/05/2023,3.292
16/05/2023,3.296
17/05/2023,3.295
18/05/2023,3.299
19/05/2023,3.258
22/05/2023,3.307
23/05/2023,3.305
24/05/2023,3.22
25/05/2023,3.319
26/05/2023,3.241
29/05/2023,3.248
30/05/2023,3.243
31/05/2023,3.336
01/06/2023,3.381
02/06/2023,3.238
05/06/2023,3.257
06/06/2023,3.438
07/06/2023,3.47
08/06/2023,3.534
09/06/2023,3.568
12/06/2023,3.622
13/06/2023,3.659
14/06/2023,3.779
15/06/2023,4.518
16/06/2023,5.674
19/06/2023,5.672
20/06/2023,3.539
21/06/2023,3.524
22/06/2023,3.598
23/06/2023,3.551
26/06/2023,3.627
27/06/2023,3.556
28/06/2023,3.629
29/06/2023,3.629
30/06/2023,3.66
03/07/2023,3.61
04/07/2023,3.689
05/07/2023,3.671
06/07/2023,3.635
07/07/2023,3.711
10/07/2023,3.741
11/07/2023,3.752
12/07/2023,3.798
13/07/2023,3.768
14/07/2023,3.743
17/07/2023,3.813
18/07/2023,3.73
19/07/2023,3.804
20/07/2023,3.824
21/07/2023,3.829
24/07/2023,3.824
25/07/2023,3.832
26/07/2023,3.862
27/07/2023,3.741
28/07/2023,3.744
31/07/2023,3.857
01/08/2023,3.863
02/08/2023,3.751
03/08/2023,3.912
04/08/2023,3.894
07/08/2023,3.765
08/08/2023,3.897
09/08/2023,3.908
10/08/2023,3.902
11/08/2023,3.803
14/08/2023,3.762
15/08/2023,3.766
16/08/2023,3.771
17/08/2023,3.962
18/08/2023,3.964
21/08/2023,3.779
22/08/2023,3.988
23/08/2023,3.978
24/08/2023,4.051
25/08/2023,4.01
28/08/2023,3.75
29/08/2023,4.057
30/08/2023,4.062
31/08/2023,4.115
01/09/2023,4.13
04/09/2023,3.763
05/09/2023,4.206
06/09/2023,3.784
07/09/2023,4.376
08/09/2023,4.448
11/09/2023,4.57
12/09/2023,3.775
13/09/2023,4.941
14/09/2023,6.755
15/09/2023,4.036
18/09/2023,3.97
19/09/2023,3.971
20/09/2023,3.929
21/09/2023,3.977
22/09/2023,3.979
25/09/2023,3.974
26/09/2023,3.92
27/09/2023,3.912
28/09/2023,3.982
29/09/2023,3.935
02/10/2023,3.995
03/10/2023,3.935
04/10/2023,3.937
05/10/2023,3.934
06/10/2023,3.94
09/10/2023,3.94
10/10/2023,3.946
11/10/2023,3.984
12/10/2023,3.967
13/10/2023,3.978
16/10/2023,3.923
17/10/2023,3.988
18/10/2023,3.923
19/10/2023,3.909
20/10/2023,3.946
23/10/2023,3.935
24/10/2023,3.927
25/10/2023,3.974
26/10/2023,3.997
27/10/2023,4.008
30/10/2023,4.009
31/10/2023,3.977
01/11/2023,4.012
02/11/2023,3.93
03/11/2023,3.92
06/11/2023,4.005
07/11/2023,3.978
08/11/2023,4.049
09/11/2023,3.973
10/11/2023,3.967
13/11/2023,4.039
14/11/2023,3.949
15/11/2023,4.048
16/11/2023,3.963
17/11/2023,3.996
20/11/2023,4.018
21/11/2023,4.085
22/11/2023,4.095
23/11/2023,4.005
24/11/2023,4.021
27/11/2023,4.151
28/11/2023,4.01
29/11/2023,4.172
30/11/2023,4.017
01/12/2023,4.011
04/12/2023,4.001
05/12/2023,3.972
06/12/2023,3.999
07/12/2023,4.03
08/12/2023,4.027
11/12/2023,4.011
12/12/2023,4.013
13/12/2023,4.025
14/12/2023,4.006
15/12/2023,4.015
18/12/2023,4.005
19/12/2023,3.985
20/12/2023,3.968
21/12/2023,3.907
22/12/2023,3.957
25/12/2023,3.957
26/12/2023,3.957
27/12/2023,3.955
28/12/2023,3.954
29/12/2023,3.986
