Name,RF BELGIUM GVT BMK BID YLD 3M - RED. YIELD
01/01/2003,2.05
02/01/2003,2.05
03/01/2003,2.05
06/01/2003,2.05
07/01/2003,2.05
08/01/2003,2.05
09/01/2003,2.05
10/01/2003,2.05
13/01/2003,2.05
14/01/2003,2.05
15/01/2003,2.05
16/01/2003,2.05
17/01/2003,2.05
20/01/2003,2.05
21/01/2003,2.05
22/01/2003,2.05
23/01/2003,2.05
24/01/2003,2.05
27/01/2003,2.05
28/01/2003,2.05
29/01/2003,2.05
30/01/2003,2.05
31/01/2003,2.05
03/02/2003,2.05
04/02/2003,2.05
05/02/2003,2.05
06/02/2003,2.05
07/02/2003,2.05
10/02/2003,2.05
11/02/2003,2.05
12/02/2003,2.05
13/02/2003,2.05
14/02/2003,2.05
17/02/2003,2.05
18/02/2003,2.05
19/02/2003,2.05
20/02/2003,2.05
21/02/2003,2.05
24/02/2003,2.05
25/02/2003,2.05
26/02/2003,2.05
27/02/2003,2.05
28/02/2003,2.05
03/03/2003,2.05
04/03/2003,2.05
05/03/2003,2.05
06/03/2003,2.05
07/03/2003,2.05
10/03/2003,2.05
11/03/2003,2.05
12/03/2003,2.05
13/03/2003,2.05
14/03/2003,2.05
17/03/2003,2.05
18/03/2003,2.05
19/03/2003,2.05
20/03/2003,2.05
21/03/2003,2.05
24/03/2003,2.05
25/03/2003,2.05
26/03/2003,2.05
27/03/2003,2.05
28/03/2003,2.05
31/03/2003,2.05
01/04/2003,2.05
02/04/2003,2.05
03/04/2003,2.05
04/04/2003,2.05
07/04/2003,2.05
08/04/2003,2.05
09/04/2003,2.05
10/04/2003,2.05
11/04/2003,2.05
14/04/2003,2.05
15/04/2003,2.05
16/04/2003,2.05
17/04/2003,2.05
18/04/2003,2.05
21/04/2003,2.05
22/04/2003,2.05
23/04/2003,2.05
24/04/2003,2.05
25/04/2003,2.05
28/04/2003,2.05
29/04/2003,2.05
30/04/2003,2.05
01/05/2003,2.05
02/05/2003,2.05
05/05/2003,2.05
06/05/2003,2.05
07/05/2003,2.05
08/05/2003,2.05
09/05/2003,2.05
12/05/2003,2.05
13/05/2003,2.05
14/05/2003,2.05
15/05/2003,2.05
16/05/2003,2.05
19/05/2003,2.05
20/05/2003,2.05
21/05/2003,2.05
22/05/2003,2.05
23/05/2003,2.05
26/05/2003,2.05
27/05/2003,2.05
28/05/2003,2.05
29/05/2003,2.05
30/05/2003,2.05
02/06/2003,2.05
03/06/2003,2.05
04/06/2003,2.05
05/06/2003,2.05
06/06/2003,2.05
09/06/2003,2.05
10/06/2003,2.05
11/06/2003,2.05
12/06/2003,2.05
13/06/2003,2.05
16/06/2003,2.05
17/06/2003,2.05
18/06/2003,2.05
19/06/2003,2.05
20/06/2003,2.05
23/06/2003,2.05
24/06/2003,2.05
25/06/2003,2.05
26/06/2003,2.05
27/06/2003,2.05
30/06/2003,2.05
01/07/2003,2.05
02/07/2003,2.05
03/07/2003,2.05
04/07/2003,2.05
07/07/2003,2.05
08/07/2003,2.05
09/07/2003,2.05
10/07/2003,2.05
11/07/2003,2.05
14/07/2003,2.05
15/07/2003,2.05
16/07/2003,2.05
17/07/2003,2.05
18/07/2003,2.05
21/07/2003,2.05
22/07/2003,2.05
23/07/2003,2.05
24/07/2003,2.05
25/07/2003,2.05
28/07/2003,2.05
29/07/2003,2.05
30/07/2003,2.05
31/07/2003,2.05
01/08/2003,2.05
04/08/2003,2.05
05/08/2003,2.05
06/08/2003,2.05
07/08/2003,2.05
08/08/2003,2.05
11/08/2003,2.05
12/08/2003,2.05
13/08/2003,2.05
14/08/2003,2.05
15/08/2003,2.05
18/08/2003,2.05
19/08/2003,2.05
20/08/2003,2.05
21/08/2003,2.05
22/08/2003,2.05
25/08/2003,2.05
26/08/2003,2.05
27/08/2003,2.05
28/08/2003,2.05
29/08/2003,2.05
01/09/2003,2.05
02/09/2003,2.05
03/09/2003,2.05
04/09/2003,2.05
05/09/2003,2.05
08/09/2003,2.05
09/09/2003,2.05
10/09/2003,2.05
11/09/2003,2.05
12/09/2003,2.05
15/09/2003,2.05
16/09/2003,2.05
17/09/2003,2.05
18/09/2003,2.05
19/09/2003,2.05
22/09/2003,2.05
23/09/2003,2.05
24/09/2003,2.05
25/09/2003,2.05
26/09/2003,2.05
29/09/2003,2.05
30/09/2003,2.05
01/10/2003,2.05
02/10/2003,2.05
03/10/2003,2.05
06/10/2003,2.05
07/10/2003,2.05
08/10/2003,2.05
09/10/2003,2.05
10/10/2003,2.05
13/10/2003,2.05
14/10/2003,2.05
15/10/2003,2.05
16/10/2003,2.05
17/10/2003,2.05
20/10/2003,2.05
21/10/2003,2.05
22/10/2003,2.05
23/10/2003,2.05
24/10/2003,2.05
27/10/2003,2.05
28/10/2003,2.05
29/10/2003,2.05
30/10/2003,2.05
31/10/2003,2.05
03/11/2003,2.05
04/11/2003,2.05
05/11/2003,2.05
06/11/2003,2.05
07/11/2003,2.05
10/11/2003,2.05
11/11/2003,2.05
12/11/2003,2.05
13/11/2003,2.05
14/11/2003,2.05
17/11/2003,2.05
18/11/2003,2.05
19/11/2003,2.05
20/11/2003,2.05
21/11/2003,2.05
24/11/2003,2.05
25/11/2003,2.05
26/11/2003,2.05
27/11/2003,2.05
28/11/2003,2.05
01/12/2003,2.05
02/12/2003,2.05
03/12/2003,2.05
04/12/2003,2.05
05/12/2003,2.05
08/12/2003,2.05
09/12/2003,2.05
10/12/2003,2.05
11/12/2003,2.05
12/12/2003,2.05
15/12/2003,2.05
16/12/2003,2.05
17/12/2003,2.05
18/12/2003,2.05
19/12/2003,2.05
22/12/2003,2.05
23/12/2003,2.05
24/12/2003,2.05
25/12/2003,2.05
26/12/2003,2.05
29/12/2003,2.05
30/12/2003,2.05
31/12/2003,2.05
01/01/2004,2.05
02/01/2004,2.05
05/01/2004,2.05
06/01/2004,2.05
07/01/2004,2.05
08/01/2004,2.05
09/01/2004,2.05
12/01/2004,2.05
13/01/2004,2.05
14/01/2004,2.05
15/01/2004,2.05
16/01/2004,2.05
19/01/2004,2.05
20/01/2004,2.05
21/01/2004,2.05
22/01/2004,2.05
23/01/2004,2.05
26/01/2004,2.05
27/01/2004,2.05
28/01/2004,2.05
29/01/2004,2.05
30/01/2004,2.05
02/02/2004,2.05
03/02/2004,2.05
04/02/2004,2.05
05/02/2004,2.05
06/02/2004,2.05
09/02/2004,2.05
10/02/2004,2.05
11/02/2004,2.05
12/02/2004,2.05
13/02/2004,2.05
16/02/2004,2.05
17/02/2004,2.05
18/02/2004,2.05
19/02/2004,2.05
20/02/2004,2.05
23/02/2004,2.05
24/02/2004,2.05
25/02/2004,2.05
26/02/2004,2.05
27/02/2004,2.05
01/03/2004,2.05
02/03/2004,2.05
03/03/2004,2.05
04/03/2004,2.05
05/03/2004,2.05
08/03/2004,2.05
09/03/2004,2.05
10/03/2004,2.05
11/03/2004,2.05
12/03/2004,2.05
15/03/2004,2.05
16/03/2004,2.05
17/03/2004,2.05
18/03/2004,2.05
19/03/2004,2.05
22/03/2004,2.05
23/03/2004,2.05
24/03/2004,2.05
25/03/2004,2.05
26/03/2004,2.05
29/03/2004,2.05
30/03/2004,2.05
31/03/2004,2.05
01/04/2004,2.05
02/04/2004,2.05
05/04/2004,2.05
06/04/2004,2.05
07/04/2004,2.05
08/04/2004,2.05
09/04/2004,2.05
12/04/2004,2.05
13/04/2004,2.05
14/04/2004,2.05
15/04/2004,2.05
16/04/2004,2.05
19/04/2004,2.05
20/04/2004,2.05
21/04/2004,2.05
22/04/2004,2.05
23/04/2004,2.05
26/04/2004,2.05
27/04/2004,2.05
28/04/2004,2.05
29/04/2004,2.05
30/04/2004,2.05
03/05/2004,2.05
04/05/2004,2.05
05/05/2004,2.05
06/05/2004,2.05
07/05/2004,2.05
10/05/2004,2.05
11/05/2004,2.05
12/05/2004,2.05
13/05/2004,2.05
14/05/2004,2.05
17/05/2004,2.05
18/05/2004,2.05
19/05/2004,2.05
20/05/2004,2.05
21/05/2004,2.05
24/05/2004,2.05
25/05/2004,2.05
26/05/2004,2.05
27/05/2004,2.05
28/05/2004,2.05
31/05/2004,2.05
01/06/2004,2.05
02/06/2004,2.05
03/06/2004,2.05
04/06/2004,2.05
07/06/2004,2.05
08/06/2004,2.05
09/06/2004,2.05
10/06/2004,2.05
11/06/2004,2.05
14/06/2004,2.05
15/06/2004,2.05
16/06/2004,2.05
17/06/2004,2.05
18/06/2004,2.05
21/06/2004,2.05
22/06/2004,2.05
23/06/2004,2.05
24/06/2004,2.05
25/06/2004,2.05
28/06/2004,2.05
29/06/2004,2.05
30/06/2004,2.05
01/07/2004,2.05
02/07/2004,2.05
05/07/2004,2.05
06/07/2004,2.05
07/07/2004,2.05
08/07/2004,2.05
09/07/2004,2.05
12/07/2004,2.05
13/07/2004,2.05
14/07/2004,2.05
15/07/2004,2.05
16/07/2004,2.05
19/07/2004,2.05
20/07/2004,2.05
21/07/2004,2.05
22/07/2004,2.05
23/07/2004,2.05
26/07/2004,2.05
27/07/2004,2.05
28/07/2004,2.05
29/07/2004,2.05
30/07/2004,2.05
02/08/2004,2.05
03/08/2004,2.05
04/08/2004,2.05
05/08/2004,2.05
06/08/2004,2.05
09/08/2004,2.05
10/08/2004,2.05
11/08/2004,2.05
12/08/2004,2.05
13/08/2004,2.05
16/08/2004,2.05
17/08/2004,2.05
18/08/2004,2.05
19/08/2004,2.05
20/08/2004,2.05
23/08/2004,2.05
24/08/2004,2.05
25/08/2004,2.05
26/08/2004,2.05
27/08/2004,2.05
30/08/2004,2.05
31/08/2004,2.05
01/09/2004,2.05
02/09/2004,2.05
03/09/2004,2.05
06/09/2004,2.05
07/09/2004,2.05
08/09/2004,2.05
09/09/2004,2.05
10/09/2004,2.05
13/09/2004,2.05
14/09/2004,2.05
15/09/2004,2.05
16/09/2004,2.05
17/09/2004,2.05
20/09/2004,2.05
21/09/2004,2.05
22/09/2004,2.05
23/09/2004,2.05
24/09/2004,2.05
27/09/2004,2.05
28/09/2004,2.05
29/09/2004,2.05
30/09/2004,2.05
01/10/2004,2.05
04/10/2004,2.05
05/10/2004,2.05
06/10/2004,2.05
07/10/2004,2.05
08/10/2004,2.05
11/10/2004,2.05
12/10/2004,2.05
13/10/2004,2.05
14/10/2004,2.05
15/10/2004,2.05
18/10/2004,2.05
19/10/2004,2.05
20/10/2004,2.05
21/10/2004,2.05
22/10/2004,2.05
25/10/2004,2.05
26/10/2004,2.05
27/10/2004,2.05
28/10/2004,2.05
29/10/2004,2.05
01/11/2004,2.05
02/11/2004,2.05
03/11/2004,2.05
04/11/2004,2.05
05/11/2004,2.05
08/11/2004,2.05
09/11/2004,2.05
10/11/2004,2.05
11/11/2004,2.05
12/11/2004,2.05
15/11/2004,2.05
16/11/2004,2.05
17/11/2004,2.05
18/11/2004,2.05
19/11/2004,2.05
22/11/2004,2.05
23/11/2004,2.05
24/11/2004,2.05
25/11/2004,2.05
26/11/2004,2.05
29/11/2004,2.05
30/11/2004,2.05
01/12/2004,2.05
02/12/2004,2.05
03/12/2004,2.05
06/12/2004,2.05
07/12/2004,2.05
08/12/2004,2.05
09/12/2004,2.05
10/12/2004,2.05
13/12/2004,2.05
14/12/2004,2.05
15/12/2004,2.05
16/12/2004,2.05
17/12/2004,2.05
20/12/2004,2.05
21/12/2004,2.05
22/12/2004,2.05
23/12/2004,2.05
24/12/2004,2.05
27/12/2004,2.05
28/12/2004,2.05
29/12/2004,2.05
30/12/2004,2.05
31/12/2004,2.05
03/01/2005,2.05
04/01/2005,2.07
05/01/2005,2.05
06/01/2005,2.04
07/01/2005,2.06
10/01/2005,2.05
11/01/2005,2.07
12/01/2005,2.05
13/01/2005,2.04
14/01/2005,2.06
17/01/2005,2.04
18/01/2005,2.07
19/01/2005,2.05
20/01/2005,2.03
21/01/2005,2.06
24/01/2005,2.04
25/01/2005,2.07
26/01/2005,2.05
27/01/2005,2.03
28/01/2005,2.06
31/01/2005,2.05
01/02/2005,2.07
02/02/2005,2.05
03/02/2005,2.08
04/02/2005,2.06
07/02/2005,2.05
08/02/2005,2.07
09/02/2005,2.05
10/02/2005,2.04
11/02/2005,2.06
14/02/2005,2.04
15/02/2005,2.07
16/02/2005,2.05
17/02/2005,2.08
18/02/2005,2.06
21/02/2005,2.04
22/02/2005,2.07
23/02/2005,2.05
24/02/2005,2.08
25/02/2005,2.06
28/02/2005,2.08
01/03/2005,2.07
02/03/2005,2.05
03/03/2005,2.08
04/03/2005,2.06
07/03/2005,2.05
08/03/2005,2.07
09/03/2005,2.05
10/03/2005,2.08
11/03/2005,2.06
14/03/2005,2.09
15/03/2005,2.07
16/03/2005,2.05
17/03/2005,2.08
18/03/2005,2.06
21/03/2005,2.04
22/03/2005,2.07
23/03/2005,2.06
24/03/2005,2.09
25/03/2005,2.07
28/03/2005,2.11
29/03/2005,2.07
30/03/2005,2.05
31/03/2005,2.08
01/04/2005,2.06
04/04/2005,2.09
05/04/2005,2.07
06/04/2005,2.05
07/04/2005,2.08
08/04/2005,2.06
11/04/2005,2.09
12/04/2005,2.07
13/04/2005,2.05
14/04/2005,2.08
15/04/2005,2.06
18/04/2005,2.04
19/04/2005,2.07
20/04/2005,2.05
21/04/2005,2.08
22/04/2005,2.06
25/04/2005,2.09
26/04/2005,2.07
27/04/2005,2.05
28/04/2005,2.08
29/04/2005,2.06
02/05/2005,2.09
03/05/2005,2.07
04/05/2005,2.04
05/05/2005,2.08
06/05/2005,2.06
09/05/2005,2.03
10/05/2005,2.07
11/05/2005,2.04
12/05/2005,2.02
13/05/2005,2.06
16/05/2005,2.03
17/05/2005,2
18/05/2005,2.04
19/05/2005,2.01
20/05/2005,2.05
23/05/2005,2.09
24/05/2005,2.06
25/05/2005,2.11
26/05/2005,2.09
27/05/2005,2.05
30/05/2005,2.01
31/05/2005,2.06
01/06/2005,2.02
02/06/2005,2.01
03/06/2005,2.03
06/06/2005,2.01
07/06/2005,2.03
08/06/2005,2.02
09/06/2005,2.04
10/06/2005,2.02
13/06/2005,2.05
14/06/2005,2.03
15/06/2005,2.05
16/06/2005,2.04
17/06/2005,2.02
20/06/2005,2.04
21/06/2005,2.02
22/06/2005,2
23/06/2005,2.03
24/06/2005,2.01
27/06/2005,1.99
28/06/2005,2.02
29/06/2005,2
30/06/2005,2.03
01/07/2005,2.01
04/07/2005,2.01
05/07/2005,2.03
06/07/2005,2.02
07/07/2005,2
08/07/2005,2.02
11/07/2005,2.05
12/07/2005,2.03
13/07/2005,2.01
14/07/2005,2.04
15/07/2005,2.02
18/07/2005,2.04
19/07/2005,2.02
20/07/2005,2.05
21/07/2005,2.03
22/07/2005,2.01
25/07/2005,2.04
26/07/2005,2.02
27/07/2005,2.05
28/07/2005,2.03
29/07/2005,2.01
01/08/2005,2.04
02/08/2005,2.01
03/08/2005,2.04
04/08/2005,2.03
05/08/2005,2.06
08/08/2005,2.03
09/08/2005,2.07
10/08/2005,2.04
11/08/2005,2.02
12/08/2005,2.06
15/08/2005,2.03
16/08/2005,2.03
17/08/2005,2.05
18/08/2005,2.04
19/08/2005,2.02
22/08/2005,2.04
23/08/2005,2.02
24/08/2005,2.05
25/08/2005,2.03
26/08/2005,2.01
29/08/2005,2.05
30/08/2005,2.04
31/08/2005,2.05
01/09/2005,2.04
02/09/2005,2.03
05/09/2005,2.05
06/09/2005,2.03
07/09/2005,2.05
08/09/2005,2.04
09/09/2005,2.02
12/09/2005,2.05
13/09/2005,2.03
14/09/2005,2.05
15/09/2005,2.04
16/09/2005,2.02
19/09/2005,2.04
20/09/2005,2.02
21/09/2005,2.05
22/09/2005,2.03
23/09/2005,2.06
26/09/2005,2.04
27/09/2005,2.07
28/09/2005,2.05
29/09/2005,2.03
30/09/2005,2.06
03/10/2005,2.04
04/10/2005,2.07
05/10/2005,2.04
06/10/2005,2.12
07/10/2005,2.1
10/10/2005,2.09
11/10/2005,2.11
12/10/2005,2.09
13/10/2005,2.12
14/10/2005,2.06
17/10/2005,2.09
18/10/2005,2.11
19/10/2005,2.09
20/10/2005,2.08
21/10/2005,2.11
24/10/2005,2.09
25/10/2005,2.11
26/10/2005,2.14
27/10/2005,2.13
28/10/2005,2.16
31/10/2005,2.19
01/11/2005,2.17
02/11/2005,2.23
03/11/2005,2.19
04/11/2005,2.21
07/11/2005,2.23
08/11/2005,2.26
09/11/2005,2.24
10/11/2005,2.23
11/11/2005,2.26
14/11/2005,2.24
15/11/2005,2.27
16/11/2005,2.25
17/11/2005,2.25
18/11/2005,2.32
21/11/2005,2.34
22/11/2005,2.33
23/11/2005,2.31
24/11/2005,2.31
25/11/2005,2.34
28/11/2005,2.39
29/11/2005,2.38
30/11/2005,2.37
01/12/2005,2.37
02/12/2005,2.36
05/12/2005,2.34
06/12/2005,2.33
07/12/2005,2.35
08/12/2005,2.35
09/12/2005,2.34
12/12/2005,2.36
13/12/2005,2.35
14/12/2005,2.33
15/12/2005,2.37
16/12/2005,2.36
19/12/2005,2.34
20/12/2005,2.37
21/12/2005,2.36
22/12/2005,2.38
23/12/2005,2.37
26/12/2005,2.35
27/12/2005,2.35
28/12/2005,2.38
29/12/2005,2.33
30/12/2005,2.31
02/01/2006,2.29
03/01/2006,2.33
04/01/2006,2.43
05/01/2006,2.43
06/01/2006,2.42
09/01/2006,2.44
10/01/2006,2.43
11/01/2006,2.46
12/01/2006,2.41
13/01/2006,2.44
16/01/2006,2.43
17/01/2006,2.41
18/01/2006,2.44
19/01/2006,2.44
20/01/2006,2.43
23/01/2006,2.41
24/01/2006,2.44
25/01/2006,2.43
26/01/2006,2.43
27/01/2006,2.41
30/01/2006,2.45
31/01/2006,2.48
01/02/2006,2.5
02/02/2006,2.47
03/02/2006,2.45
06/02/2006,2.48
07/02/2006,2.47
08/02/2006,2.5
09/02/2006,2.5
10/02/2006,2.48
13/02/2006,2.51
14/02/2006,2.5
15/02/2006,2.49
16/02/2006,2.49
17/02/2006,2.47
20/02/2006,2.51
21/02/2006,2.49
22/02/2006,2.48
23/02/2006,2.53
24/02/2006,2.51
27/02/2006,2.57
28/02/2006,2.59
01/03/2006,2.58
02/03/2006,2.59
03/03/2006,2.61
06/03/2006,2.6
07/03/2006,2.59
08/03/2006,2.58
09/03/2006,2.58
10/03/2006,2.61
13/03/2006,2.6
14/03/2006,2.59
15/03/2006,2.58
16/03/2006,2.58
17/03/2006,2.61
20/03/2006,2.64
21/03/2006,2.63
22/03/2006,2.62
23/03/2006,2.63
24/03/2006,2.61
27/03/2006,2.6
28/03/2006,2.63
29/03/2006,2.67
30/03/2006,2.68
31/03/2006,2.66
03/04/2006,2.71
04/04/2006,2.7
05/04/2006,2.69
06/04/2006,2.66
07/04/2006,2.65
10/04/2006,2.64
11/04/2006,2.63
12/04/2006,2.61
13/04/2006,2.64
14/04/2006,2.64
17/04/2006,2.64
18/04/2006,2.63
19/04/2006,2.62
20/04/2006,2.63
21/04/2006,2.66
24/04/2006,2.65
25/04/2006,2.68
26/04/2006,2.67
27/04/2006,2.66
28/04/2006,2.65
01/05/2006,2.65
02/05/2006,2.69
03/05/2006,2.68
04/05/2006,2.63
05/05/2006,2.67
08/05/2006,2.75
09/05/2006,2.74
10/05/2006,2.73
11/05/2006,2.74
12/05/2006,2.73
15/05/2006,2.72
16/05/2006,2.67
17/05/2006,2.7
18/05/2006,2.67
19/05/2006,2.7
22/05/2006,2.69
23/05/2006,2.72
24/05/2006,2.71
25/05/2006,2.72
26/05/2006,2.66
29/05/2006,2.77
30/05/2006,2.8
31/05/2006,2.79
01/06/2006,2.84
02/06/2006,2.83
05/06/2006,2.82
06/06/2006,2.81
07/06/2006,2.81
08/06/2006,2.78
09/06/2006,2.77
12/06/2006,2.8
13/06/2006,2.79
14/06/2006,2.82
15/06/2006,2.79
16/06/2006,2.78
19/06/2006,2.81
20/06/2006,2.8
21/06/2006,2.79
22/06/2006,2.81
23/06/2006,2.84
26/06/2006,2.83
27/06/2006,2.87
28/06/2006,2.86
29/06/2006,2.83
30/06/2006,2.82
03/07/2006,2.9
04/07/2006,2.89
05/07/2006,2.88
06/07/2006,2.89
07/07/2006,2.89
10/07/2006,2.92
11/07/2006,2.91
12/07/2006,2.9
13/07/2006,2.92
14/07/2006,2.91
17/07/2006,2.9
18/07/2006,2.89
19/07/2006,2.93
20/07/2006,2.9
21/07/2006,2.89
24/07/2006,2.93
25/07/2006,2.92
26/07/2006,2.91
27/07/2006,2.93
28/07/2006,2.92
31/07/2006,2.91
01/08/2006,3.04
02/08/2006,3.04
03/08/2006,3.06
04/08/2006,3.09
07/08/2006,3.08
08/08/2006,3.07
09/08/2006,3.07
10/08/2006,3.09
11/08/2006,3.08
14/08/2006,3.08
15/08/2006,3.07
16/08/2006,3.1
17/08/2006,3.09
18/08/2006,3.08
21/08/2006,3.07
22/08/2006,3.07
23/08/2006,3.06
24/08/2006,3.08
25/08/2006,3.07
28/08/2006,3.07
29/08/2006,3.06
30/08/2006,3.05
31/08/2006,3.08
01/09/2006,3.02
04/09/2006,3.15
05/09/2006,3.15
06/09/2006,3.14
07/09/2006,3.17
08/09/2006,3.16
11/09/2006,3.16
12/09/2006,3.15
13/09/2006,3.19
14/09/2006,3.17
15/09/2006,3.16
18/09/2006,3.2
19/09/2006,3.2
20/09/2006,3.19
21/09/2006,3.17
22/09/2006,3.17
25/09/2006,3.21
26/09/2006,3.2
27/09/2006,3.2
28/09/2006,3.18
29/09/2006,3.17
02/10/2006,3.3
03/10/2006,3.3
04/10/2006,3.3
05/10/2006,3.28
06/10/2006,3.28
09/10/2006,3.28
10/10/2006,3.31
11/10/2006,3.31
12/10/2006,3.3
13/10/2006,3.29
16/10/2006,3.29
17/10/2006,3.28
18/10/2006,3.28
19/10/2006,3.26
20/10/2006,3.31
23/10/2006,3.3
24/10/2006,3.3
25/10/2006,3.29
26/10/2006,3.28
27/10/2006,3.32
30/10/2006,3.43
31/10/2006,3.43
01/11/2006,3.39
02/11/2006,3.42
03/11/2006,3.42
06/11/2006,3.41
07/11/2006,3.41
08/11/2006,3.41
09/11/2006,3.4
10/11/2006,3.44
13/11/2006,3.39
14/11/2006,3.43
15/11/2006,3.43
16/11/2006,3.42
17/11/2006,3.42
20/11/2006,3.42
21/11/2006,3.46
22/11/2006,3.45
23/11/2006,3.45
24/11/2006,3.44
27/11/2006,3.44
28/11/2006,3.44
29/11/2006,3.44
30/11/2006,3.43
01/12/2006,3.42
04/12/2006,3.49
05/12/2006,3.49
06/12/2006,3.48
07/12/2006,3.52
08/12/2006,3.52
11/12/2006,3.51
12/12/2006,3.51
13/12/2006,3.51
14/12/2006,3.51
15/12/2006,3.5
18/12/2006,3.5
19/12/2006,3.5
20/12/2006,3.5
21/12/2006,3.49
22/12/2006,3.53
25/12/2006,3.53
26/12/2006,3.53
27/12/2006,3.53
28/12/2006,3.53
29/12/2006,3.52
01/01/2007,3.52
02/01/2007,3.56
03/01/2007,3.56
04/01/2007,3.56
05/01/2007,3.59
08/01/2007,3.59
09/01/2007,3.59
10/01/2007,3.59
11/01/2007,3.59
12/01/2007,3.59
15/01/2007,3.59
16/01/2007,3.59
17/01/2007,3.59
18/01/2007,3.58
19/01/2007,3.58
22/01/2007,3.58
23/01/2007,3.58
24/01/2007,3.58
25/01/2007,3.58
26/01/2007,3.58
29/01/2007,3.67
30/01/2007,3.67
31/01/2007,3.67
01/02/2007,3.67
02/02/2007,3.67
05/02/2007,3.67
06/02/2007,3.67
07/02/2007,3.67
08/02/2007,3.67
09/02/2007,3.67
12/02/2007,3.67
13/02/2007,3.67
14/02/2007,4.65
15/02/2007,5.19
16/02/2007,4.7
19/02/2007,3.68
20/02/2007,4.72
21/02/2007,5.32
22/02/2007,4.83
23/02/2007,4.85
26/02/2007,3.74
27/02/2007,3.74
28/02/2007,3.74
01/03/2007,3.75
02/03/2007,3.75
05/03/2007,3.75
06/03/2007,3.94
07/03/2007,3.75
08/03/2007,3.79
09/03/2007,3.79
12/03/2007,3.79
13/03/2007,3.75
14/03/2007,3.8
15/03/2007,3.76
16/03/2007,3.8
19/03/2007,3.8
20/03/2007,3.81
21/03/2007,3.81
22/03/2007,3.77
23/03/2007,3.77
26/03/2007,3.77
27/03/2007,3.82
28/03/2007,3.82
29/03/2007,3.78
30/03/2007,3.78
02/04/2007,3.82
03/04/2007,3.86
04/04/2007,3.83
05/04/2007,3.83
06/04/2007,3.83
09/04/2007,3.83
10/04/2007,3.88
11/04/2007,3.88
12/04/2007,3.84
13/04/2007,3.84
16/04/2007,3.85
17/04/2007,3.85
18/04/2007,3.85
19/04/2007,3.86
20/04/2007,3.86
23/04/2007,3.86
24/04/2007,3.87
25/04/2007,3.87
26/04/2007,3.88
27/04/2007,3.88
30/04/2007,3.95
01/05/2007,3.95
02/05/2007,3.92
03/05/2007,3.93
04/05/2007,3.93
07/05/2007,3.93
08/05/2007,3.94
09/05/2007,3.94
10/05/2007,3.95
11/05/2007,3.95
14/05/2007,3.95
15/05/2007,3.96
16/05/2007,3.96
17/05/2007,3.97
18/05/2007,3.93
21/05/2007,3.98
22/05/2007,3.98
23/05/2007,3.98
24/05/2007,4
25/05/2007,4
28/05/2007,4
29/05/2007,4.01
30/05/2007,4.01
31/05/2007,3.98
01/06/2007,3.98
04/06/2007,4.01
05/06/2007,4.01
06/06/2007,4.01
07/06/2007,4.03
08/06/2007,4.03
11/06/2007,4.03
12/06/2007,4.04
13/06/2007,4
14/06/2007,4.01
15/06/2007,4.02
18/06/2007,4.02
19/06/2007,4.02
20/06/2007,4.03
21/06/2007,4.04
22/06/2007,4
25/06/2007,4
26/06/2007,4.01
27/06/2007,4.01
28/06/2007,4.03
29/06/2007,4.03
02/07/2007,4.04
03/07/2007,4.05
04/07/2007,4.05
05/07/2007,4.06
06/07/2007,4.11
09/07/2007,4.07
10/07/2007,4.08
11/07/2007,4.08
12/07/2007,4.1
13/07/2007,4.1
16/07/2007,4.06
17/07/2007,4.11
18/07/2007,4.07
19/07/2007,4.09
20/07/2007,4.09
23/07/2007,4.1
24/07/2007,4.06
25/07/2007,4.06
26/07/2007,4.08
27/07/2007,4.08
30/07/2007,4.13
31/07/2007,4.13
01/08/2007,4.13
02/08/2007,4.15
03/08/2007,4.15
06/08/2007,4.16
07/08/2007,4.12
08/08/2007,4.13
09/08/2007,4.14
10/08/2007,4.11
13/08/2007,4.07
14/08/2007,4.08
15/08/2007,4.08
16/08/2007,4.05
17/08/2007,3.97
20/08/2007,3.98
21/08/2007,3.98
22/08/2007,4.03
23/08/2007,4.04
24/08/2007,4
27/08/2007,4
28/08/2007,4.01
29/08/2007,3.96
30/08/2007,3.98
31/08/2007,3.98
03/09/2007,4.01
04/09/2007,4.01
05/09/2007,4.01
06/09/2007,4.03
07/09/2007,4.03
10/09/2007,3.99
11/09/2007,4.04
12/09/2007,4.04
13/09/2007,4.01
14/09/2007,4.02
17/09/2007,4.02
18/09/2007,3.98
19/09/2007,3.98
20/09/2007,3.95
21/09/2007,3.95
24/09/2007,3.96
25/09/2007,3.96
26/09/2007,3.96
27/09/2007,3.93
28/09/2007,3.93
01/10/2007,3.95
02/10/2007,3.95
03/10/2007,3.96
04/10/2007,3.93
05/10/2007,3.93
08/10/2007,3.97
09/10/2007,3.94
10/10/2007,3.94
11/10/2007,3.95
12/10/2007,3.95
15/10/2007,3.95
16/10/2007,3.96
17/10/2007,3.96
18/10/2007,3.97
19/10/2007,3.97
22/10/2007,3.93
23/10/2007,3.94
24/10/2007,3.94
25/10/2007,4
26/10/2007,3.95
29/10/2007,3.99
30/10/2007,3.99
31/10/2007,3.99
01/11/2007,4
02/11/2007,4
05/11/2007,4.01
06/11/2007,4.01
07/11/2007,4.01
08/11/2007,3.99
09/11/2007,3.99
12/11/2007,3.99
13/11/2007,4
14/11/2007,4
15/11/2007,4.01
16/11/2007,4.02
19/11/2007,4.02
20/11/2007,3.98
21/11/2007,3.98
22/11/2007,4
23/11/2007,4
26/11/2007,3.96
27/11/2007,3.96
28/11/2007,3.96
29/11/2007,3.98
30/11/2007,3.93
03/12/2007,3.97
04/12/2007,3.97
05/12/2007,3.98
06/12/2007,3.95
07/12/2007,3.95
10/12/2007,3.95
11/12/2007,3.96
12/12/2007,3.96
13/12/2007,3.97
14/12/2007,3.97
17/12/2007,4.02
18/12/2007,3.94
19/12/2007,3.81
20/12/2007,3.81
21/12/2007,3.91
24/12/2007,3.87
25/12/2007,3.87
26/12/2007,3.87
27/12/2007,3.98
28/12/2007,3.83
31/12/2007,4.41
01/01/2008,4.41
02/01/2008,3.94
03/01/2008,3.9
04/01/2008,3.96
07/01/2008,3.97
08/01/2008,3.97
09/01/2008,3.98
10/01/2008,3.99
11/01/2008,3.99
14/01/2008,4.71
15/01/2008,3.96
16/01/2008,3.92
17/01/2008,3.93
18/01/2008,3.93
21/01/2008,3.93
22/01/2008,3.85
23/01/2008,3.85
24/01/2008,3.9
25/01/2008,3.91
28/01/2008,3.91
29/01/2008,3.91
30/01/2008,3.92
31/01/2008,3.93
01/02/2008,3.93
04/02/2008,3.94
05/02/2008,3.89
06/02/2008,3.9
07/02/2008,3.91
08/02/2008,3.83
11/02/2008,3.87
12/02/2008,3.88
13/02/2008,3.88
14/02/2008,3.88
15/02/2008,3.89
18/02/2008,3.89
19/02/2008,3.89
20/02/2008,3.9
21/02/2008,3.9
22/02/2008,3.91
25/02/2008,3.91
26/02/2008,3.91
27/02/2008,3.92
28/02/2008,3.93
29/02/2008,3.93
03/03/2008,4.37
04/03/2008,4.41
05/03/2008,3.92
06/03/2008,3.93
07/03/2008,3.93
10/03/2008,4.45
11/03/2008,4.5
12/03/2008,5.08
13/03/2008,5.08
14/03/2008,4.5
17/03/2008,5.03
18/03/2008,4.48
19/03/2008,3.84
20/03/2008,3.85
21/03/2008,3.85
24/03/2008,3.85
25/03/2008,5.29
26/03/2008,3.85
27/03/2008,3.81
28/03/2008,3.81
31/03/2008,3.88
01/04/2008,3.92
02/04/2008,3.92
03/04/2008,3.93
04/04/2008,3.89
07/04/2008,3.9
08/04/2008,3.9
09/04/2008,3.9
10/04/2008,3.91
11/04/2008,3.91
14/04/2008,3.87
15/04/2008,3.92
16/04/2008,3.88
17/04/2008,3.88
18/04/2008,3.89
21/04/2008,3.89
22/04/2008,3.94
23/04/2008,3.94
24/04/2008,3.9
25/04/2008,3.91
28/04/2008,3.99
29/04/2008,3.99
30/04/2008,3.96
01/05/2008,3.96
02/05/2008,3.97
05/05/2008,3.97
06/05/2008,3.97
07/05/2008,3.98
08/05/2008,3.99
09/05/2008,3.95
12/05/2008,3.95
13/05/2008,4
14/05/2008,3.96
15/05/2008,3.97
16/05/2008,3.97
19/05/2008,3.98
20/05/2008,3.98
21/05/2008,3.98
22/05/2008,4
23/05/2008,4
26/05/2008,4
27/05/2008,4.01
28/05/2008,4.01
29/05/2008,4.03
30/05/2008,3.98
02/06/2008,4.08
03/06/2008,4.08
04/06/2008,4.12
05/06/2008,4.21
06/06/2008,4.25
09/06/2008,4.26
10/06/2008,4.26
11/06/2008,4.26
12/06/2008,4.25
13/06/2008,4.29
16/06/2008,4.3
17/06/2008,4.35
18/06/2008,4.31
19/06/2008,4.29
20/06/2008,4.3
23/06/2008,4.3
24/06/2008,4.31
25/06/2008,4.36
26/06/2008,4.34
27/06/2008,4.35
30/06/2008,4.37
01/07/2008,4.41
02/07/2008,4.45
03/07/2008,4.51
04/07/2008,4.4
07/07/2008,4.45
08/07/2008,4.42
09/07/2008,4.43
10/07/2008,4.45
11/07/2008,4.38
14/07/2008,5.09
15/07/2008,4.39
16/07/2008,5.08
17/07/2008,5.12
18/07/2008,4.39
21/07/2008,4.39
22/07/2008,4.4
23/07/2008,4.41
24/07/2008,4.39
25/07/2008,4.4
28/07/2008,4.6
29/07/2008,4.37
30/07/2008,4.38
31/07/2008,4.4
01/08/2008,4.78
04/08/2008,4.64
05/08/2008,4.35
06/08/2008,4.36
07/08/2008,4.34
08/08/2008,4.35
11/08/2008,4.35
12/08/2008,4.36
13/08/2008,4.37
14/08/2008,4.35
15/08/2008,4.36
18/08/2008,4.37
19/08/2008,4.37
20/08/2008,5.27
21/08/2008,4.32
22/08/2008,4.32
25/08/2008,4.33
26/08/2008,4.34
27/08/2008,4.35
28/08/2008,4.33
29/08/2008,4.34
01/09/2008,4.33
02/09/2008,4.34
03/09/2008,4.31
04/09/2008,4.37
05/09/2008,4.37
08/09/2008,4.38
09/09/2008,4.39
10/09/2008,4.36
11/09/2008,4.38
12/09/2008,4.35
15/09/2008,4.27
16/09/2008,4.28
17/09/2008,4.29
18/09/2008,4.26
19/09/2008,4.23
22/09/2008,4.19
23/09/2008,4.15
24/09/2008,4.03
25/09/2008,4
26/09/2008,3.95
29/09/2008,3.86
30/09/2008,3.77
01/10/2008,3.68
02/10/2008,3.68
03/10/2008,3.78
06/10/2008,3.73
07/10/2008,3.78
08/10/2008,3.26
09/10/2008,3.02
10/10/2008,3.06
13/10/2008,3.28
14/10/2008,3.39
15/10/2008,3.39
16/10/2008,3.19
17/10/2008,3.37
20/10/2008,3.37
21/10/2008,3.36
22/10/2008,3.36
23/10/2008,3.27
24/10/2008,3.19
27/10/2008,3.18
28/10/2008,3.18
29/10/2008,3.09
30/10/2008,3.05
31/10/2008,2.96
03/11/2008,3.03
04/11/2008,3.18
05/11/2008,3.17
06/11/2008,3.17
07/11/2008,3.32
10/11/2008,2.97
11/11/2008,2.96
12/11/2008,2.84
13/11/2008,2.7
14/11/2008,2.69
17/11/2008,2.6
18/11/2008,2.55
19/11/2008,2.54
20/11/2008,2.37
21/11/2008,2.27
24/11/2008,2.26
25/11/2008,2.28
26/11/2008,2.31
27/11/2008,2.26
28/11/2008,2.2
01/12/2008,2.19
02/12/2008,2.21
03/12/2008,2.16
04/12/2008,2.12
05/12/2008,2.14
08/12/2008,2.16
09/12/2008,2.18
10/12/2008,2.09
11/12/2008,2.08
12/12/2008,2.1
15/12/2008,2.09
16/12/2008,2.03
17/12/2008,2.05
18/12/2008,1.87
19/12/2008,1.89
22/12/2008,1.87
23/12/2008,1.9
24/12/2008,1.83
25/12/2008,1.83
26/12/2008,1.83
29/12/2008,1.81
30/12/2008,1.81
31/12/2008,1.81
01/01/2009,1.81
02/01/2009,1.81
05/01/2009,1.75
06/01/2009,1.77
07/01/2009,1.72
08/01/2009,1.73
09/01/2009,1.71
12/01/2009,1.73
13/01/2009,1.59
14/01/2009,1.49
15/01/2009,1.5
16/01/2009,2.1
19/01/2009,1.66
20/01/2009,1.46
21/01/2009,1.39
22/01/2009,1.31
23/01/2009,1.28
26/01/2009,1.33
27/01/2009,1.34
28/01/2009,1.32
29/01/2009,1.32
30/01/2009,1.34
02/02/2009,1.31
03/02/2009,1.29
04/02/2009,1.27
05/02/2009,1.19
06/02/2009,1.13
09/02/2009,1.18
10/02/2009,1.15
11/02/2009,1.12
12/02/2009,1.04
13/02/2009,1.05
16/02/2009,1.06
17/02/2009,1.07
18/02/2009,1.09
19/02/2009,1.08
20/02/2009,1.05
23/02/2009,1.06
24/02/2009,1.03
25/02/2009,1.01
26/02/2009,1.01
27/02/2009,1.01
02/03/2009,0.99
03/03/2009,0.96
04/03/2009,0.9
05/03/2009,0.93
06/03/2009,0.94
09/03/2009,0.95
10/03/2009,0.92
11/03/2009,0.93
12/03/2009,0.92
13/03/2009,0.93
16/03/2009,0.94
17/03/2009,0.91
18/03/2009,0.88
19/03/2009,0.87
20/03/2009,0.84
23/03/2009,0.85
24/03/2009,0.9
25/03/2009,0.91
26/03/2009,0.9
27/03/2009,0.87
30/03/2009,0.88
31/03/2009,0.89
01/04/2009,0.85
02/04/2009,0.89
03/04/2009,0.8
06/04/2009,0.76
07/04/2009,0.77
08/04/2009,0.78
09/04/2009,0.73
10/04/2009,0.73
13/04/2009,0.73
14/04/2009,0.8
15/04/2009,0.84
16/04/2009,1.04
17/04/2009,1.05
20/04/2009,0.85
21/04/2009,0.86
22/04/2009,0.87
23/04/2009,0.86
24/04/2009,0.82
27/04/2009,0.79
28/04/2009,0.75
29/04/2009,0.74
30/04/2009,0.75
01/05/2009,0.75
04/05/2009,0.84
05/05/2009,0.81
06/05/2009,0.82
07/05/2009,0.81
08/05/2009,0.78
11/05/2009,0.78
12/05/2009,0.75
13/05/2009,0.68
14/05/2009,0.66
15/05/2009,0.67
18/05/2009,0.68
19/05/2009,0.77
20/05/2009,0.78
21/05/2009,0.81
22/05/2009,0.78
25/05/2009,0.79
26/05/2009,0.8
27/05/2009,0.81
28/05/2009,0.79
29/05/2009,0.75
01/06/2009,0.76
02/06/2009,0.77
03/06/2009,0.78
04/06/2009,0.82
05/06/2009,0.83
08/06/2009,0.85
09/06/2009,0.86
10/06/2009,0.81
11/06/2009,0.79
12/06/2009,0.75
15/06/2009,1.01
16/06/2009,1.03
17/06/2009,0.98
18/06/2009,0.87
19/06/2009,0.88
22/06/2009,0.85
23/06/2009,0.73
24/06/2009,0.65
25/06/2009,0.59
26/06/2009,0.64
29/06/2009,0.65
30/06/2009,0.56
01/07/2009,0.57
02/07/2009,1.78
03/07/2009,1.1
06/07/2009,0.51
07/07/2009,0.46
08/07/2009,0.47
09/07/2009,0.44
10/07/2009,0.44
13/07/2009,0.45
14/07/2009,0.4
15/07/2009,0.41
16/07/2009,0.62
17/07/2009,0.63
20/07/2009,0.59
21/07/2009,0.82
22/07/2009,0.61
23/07/2009,0.63
24/07/2009,0.41
27/07/2009,0.42
28/07/2009,0.42
29/07/2009,0.43
30/07/2009,0.4
31/07/2009,0.4
03/08/2009,0.41
04/08/2009,0.41
05/08/2009,0.42
06/08/2009,0.38
07/08/2009,0.39
10/08/2009,0.39
11/08/2009,0.4
12/08/2009,0.41
13/08/2009,0.37
14/08/2009,0.37
17/08/2009,0.38
18/08/2009,0.39
19/08/2009,0.39
20/08/2009,0.35
21/08/2009,0.35
24/08/2009,0.36
25/08/2009,0.37
26/08/2009,0.38
27/08/2009,0.32
28/08/2009,0.33
31/08/2009,0.34
01/09/2009,0.34
02/09/2009,0.35
03/09/2009,0.38
04/09/2009,0.39
07/09/2009,0.4
08/09/2009,0.41
09/09/2009,0.42
10/09/2009,0.35
11/09/2009,0.36
14/09/2009,0.25
15/09/2009,0.26
16/09/2009,0.4
17/09/2009,0.21
18/09/2009,0.42
21/09/2009,0.38
22/09/2009,0.39
23/09/2009,0.39
24/09/2009,0.41
25/09/2009,0.37
28/09/2009,0.37
29/09/2009,0.37
30/09/2009,0.38
01/10/2009,0.44
02/10/2009,0.4
05/10/2009,0.41
06/10/2009,0.41
07/10/2009,0.47
08/10/2009,0.44
09/10/2009,0.44
12/10/2009,0.39
13/10/2009,0.4
14/10/2009,0.41
15/10/2009,0.43
16/10/2009,0.44
19/10/2009,0.38
20/10/2009,0.45
21/10/2009,0.46
22/10/2009,0.42
23/10/2009,0.42
26/10/2009,0.36
27/10/2009,0.37
28/10/2009,0.45
29/10/2009,0.48
30/10/2009,0.41
02/11/2009,0.42
03/11/2009,0.42
04/11/2009,0.44
05/11/2009,0.47
06/11/2009,0.49
09/11/2009,0.5
10/11/2009,0.41
11/11/2009,0.42
12/11/2009,0.35
13/11/2009,0.48
16/11/2009,0.43
17/11/2009,0.48
18/11/2009,0.48
19/11/2009,0.46
20/11/2009,0.46
23/11/2009,0.47
24/11/2009,0.47
25/11/2009,0.43
26/11/2009,0.45
27/11/2009,0.46
30/11/2009,0.46
01/12/2009,0.47
02/12/2009,0.47
03/12/2009,0.44
04/12/2009,0.4
07/12/2009,0.41
08/12/2009,0.41
09/12/2009,0.42
10/12/2009,0.38
11/12/2009,0.39
14/12/2009,0.39
15/12/2009,0.4
16/12/2009,0.4
17/12/2009,0.37
18/12/2009,0.38
21/12/2009,0.38
22/12/2009,0.39
23/12/2009,0.36
24/12/2009,0.37
25/12/2009,0.37
28/12/2009,0.37
29/12/2009,0.37
30/12/2009,0.4
31/12/2009,0.4
01/01/2010,0.4
04/01/2010,0.36
05/01/2010,0.37
06/01/2010,0.37
07/01/2010,0.35
08/01/2010,0.35
11/01/2010,0.34
12/01/2010,0.17
13/01/2010,0.41
14/01/2010,0.31
15/01/2010,0.12
18/01/2010,0.3
19/01/2010,0.17
20/01/2010,0.3
21/01/2010,0.32
22/01/2010,0.32
25/01/2010,0.32
26/01/2010,0.33
27/01/2010,0.28
28/01/2010,0.3
29/01/2010,0.3
01/02/2010,0.3
02/02/2010,0.31
03/02/2010,0.16
04/02/2010,0.16
05/02/2010,0.28
08/02/2010,0.34
09/02/2010,0.17
10/02/2010,0.17
11/02/2010,0.31
12/02/2010,0.19
15/02/2010,0.31
16/02/2010,0.4
17/02/2010,0.32
18/02/2010,0.33
19/02/2010,0.34
22/02/2010,0.3
23/02/2010,0.17
24/02/2010,0.17
25/02/2010,0.18
26/02/2010,0.18
01/03/2010,0.32
02/03/2010,0.28
03/03/2010,0.28
04/03/2010,0.3
05/03/2010,0.3
08/03/2010,0.3
09/03/2010,0.31
10/03/2010,0.16
11/03/2010,0.33
12/03/2010,0.28
15/03/2010,0.28
16/03/2010,0.29
17/03/2010,0.32
18/03/2010,0.33
19/03/2010,0.55
22/03/2010,0.34
23/03/2010,0.3
24/03/2010,0.17
25/03/2010,0.32
26/03/2010,0.32
29/03/2010,0.32
30/03/2010,0.33
31/03/2010,0.35
01/04/2010,0.36
02/04/2010,0.36
05/04/2010,0.36
06/04/2010,0.31
07/04/2010,0.31
08/04/2010,0.27
09/04/2010,0.28
12/04/2010,0.28
13/04/2010,0.32
14/04/2010,0.32
15/04/2010,0.33
16/04/2010,0.34
19/04/2010,0.34
20/04/2010,0.34
21/04/2010,0.3
22/04/2010,0.32
23/04/2010,0.32
26/04/2010,0.32
27/04/2010,0.28
28/04/2010,0.38
29/04/2010,0.35
30/04/2010,0.35
03/05/2010,0.3
04/05/2010,0.31
05/05/2010,0.37
06/05/2010,0.33
07/05/2010,0.39
10/05/2010,0.34
11/05/2010,0.34
12/05/2010,0.29
13/05/2010,0.24
14/05/2010,0.25
17/05/2010,0.25
18/05/2010,0.26
19/05/2010,0.26
20/05/2010,0.21
21/05/2010,0.21
24/05/2010,0.22
25/05/2010,0.22
26/05/2010,0.23
27/05/2010,0.24
28/05/2010,0.25
31/05/2010,0.25
01/06/2010,0.17
02/06/2010,0.18
03/06/2010,0.19
04/06/2010,0.2
07/06/2010,0.3
08/06/2010,0.31
09/06/2010,0.32
10/06/2010,0.35
11/06/2010,0.24
14/06/2010,0.25
15/06/2010,0.26
16/06/2010,0.27
17/06/2010,0.36
18/06/2010,0.35
21/06/2010,0.36
22/06/2010,0.33
23/06/2010,0.37
24/06/2010,0.35
25/06/2010,0.38
28/06/2010,0.38
29/06/2010,0.37
30/06/2010,0.4
01/07/2010,0.39
02/07/2010,0.37
05/07/2010,0.37
06/07/2010,0.39
07/07/2010,0.41
08/07/2010,0.45
09/07/2010,0.43
12/07/2010,0.4
13/07/2010,0.41
14/07/2010,0.4
15/07/2010,0.44
16/07/2010,0.45
19/07/2010,0.48
20/07/2010,0.42
21/07/2010,0.41
22/07/2010,0.63
23/07/2010,0.63
26/07/2010,0.4
27/07/2010,0.4
28/07/2010,0.4
29/07/2010,0.4
30/07/2010,0.38
02/08/2010,0.38
03/08/2010,0.33
04/08/2010,0.33
05/08/2010,0.33
06/08/2010,0.48
09/08/2010,0.47
10/08/2010,0.46
11/08/2010,0.46
12/08/2010,0.45
13/08/2010,0.49
16/08/2010,0.49
17/08/2010,0.49
18/08/2010,0.47
19/08/2010,0.47
20/08/2010,0.47
23/08/2010,0.42
24/08/2010,0.43
25/08/2010,0.43
26/08/2010,0.41
27/08/2010,0.46
30/08/2010,0.46
31/08/2010,0.45
01/09/2010,0.44
02/09/2010,0.41
03/09/2010,0.43
06/09/2010,0.46
07/09/2010,0.45
08/09/2010,0.43
09/09/2010,0.43
10/09/2010,0.42
13/09/2010,0.41
14/09/2010,0.37
15/09/2010,0.37
16/09/2010,0.38
17/09/2010,0.39
20/09/2010,0.37
21/09/2010,0.37
22/09/2010,0.39
23/09/2010,0.36
24/09/2010,0.43
27/09/2010,0.45
28/09/2010,0.45
29/09/2010,0.46
30/09/2010,0.42
01/10/2010,0.56
04/10/2010,0.57
05/10/2010,0.53
06/10/2010,0.6
07/10/2010,0.63
08/10/2010,0.64
11/10/2010,0.65
12/10/2010,0.54
13/10/2010,0.54
14/10/2010,0.53
15/10/2010,0.53
18/10/2010,0.69
19/10/2010,0.69
20/10/2010,0.71
21/10/2010,0.71
22/10/2010,0.74
25/10/2010,0.74
26/10/2010,0.76
27/10/2010,0.77
28/10/2010,0.77
29/10/2010,0.77
01/11/2010,0.78
02/11/2010,0.79
03/11/2010,0.77
04/11/2010,0.78
05/11/2010,0.82
08/11/2010,0.84
09/11/2010,0.84
10/11/2010,0.85
11/11/2010,0.83
12/11/2010,0.8
15/11/2010,0.79
16/11/2010,0.8
17/11/2010,0.73
18/11/2010,0.71
19/11/2010,0.71
22/11/2010,0.76
23/11/2010,0.71
24/11/2010,0.67
25/11/2010,0.68
26/11/2010,0.68
29/11/2010,0.69
30/11/2010,0.92
01/12/2010,0.88
02/12/2010,0.79
03/12/2010,0.77
06/12/2010,0.77
07/12/2010,0.78
08/12/2010,0.96
09/12/2010,0.97
10/12/2010,0.96
13/12/2010,0.99
14/12/2010,0.92
15/12/2010,0.71
16/12/2010,0.71
17/12/2010,0.67
20/12/2010,0.7
21/12/2010,0.69
22/12/2010,0.63
23/12/2010,0.6
24/12/2010,0.57
27/12/2010,0.61
28/12/2010,0.58
29/12/2010,0.58
30/12/2010,0.59
31/12/2010,0.55
03/01/2011,0.63
04/01/2011,0.68
05/01/2011,0.66
06/01/2011,0.67
07/01/2011,0.66
10/01/2011,0.68
11/01/2011,0.69
12/01/2011,0.68
13/01/2011,0.7
14/01/2011,0.71
17/01/2011,0.72
18/01/2011,0.73
19/01/2011,0.71
20/01/2011,0.72
21/01/2011,0.71
24/01/2011,0.7
25/01/2011,0.81
26/01/2011,0.81
27/01/2011,0.84
28/01/2011,0.89
31/01/2011,0.9
01/02/2011,0.87
02/02/2011,0.87
03/02/2011,0.87
04/02/2011,0.85
07/02/2011,0.81
08/02/2011,0.89
09/02/2011,0.9
10/02/2011,0.87
11/02/2011,0.94
14/02/2011,0.93
15/02/2011,0.93
16/02/2011,0.9
17/02/2011,0.89
18/02/2011,0.89
21/02/2011,0.9
22/02/2011,0.92
23/02/2011,0.91
24/02/2011,0.92
25/02/2011,0.92
28/02/2011,0.91
01/03/2011,0.9
02/03/2011,0.89
03/03/2011,0.99
04/03/2011,0.98
07/03/2011,0.99
08/03/2011,0.95
09/03/2011,0.95
10/03/2011,0.94
11/03/2011,0.92
14/03/2011,1.02
15/03/2011,0.94
16/03/2011,0.93
17/03/2011,0.95
18/03/2011,0.96
21/03/2011,0.97
22/03/2011,0.98
23/03/2011,0.99
24/03/2011,0.99
25/03/2011,0.95
28/03/2011,0.98
29/03/2011,0.98
30/03/2011,0.95
31/03/2011,0.98
01/04/2011,0.96
04/04/2011,0.96
05/04/2011,0.96
06/04/2011,0.97
07/04/2011,0.99
08/04/2011,1.02
11/04/2011,1
12/04/2011,1
13/04/2011,1
14/04/2011,1
15/04/2011,1.02
18/04/2011,1.01
19/04/2011,1.03
20/04/2011,1.05
21/04/2011,1.06
22/04/2011,1.06
25/04/2011,1.13
26/04/2011,1.08
27/04/2011,1.14
28/04/2011,1.16
29/04/2011,1.13
02/05/2011,1.14
03/05/2011,1.13
04/05/2011,1.15
05/05/2011,1.12
06/05/2011,1.13
09/05/2011,1.13
10/05/2011,1.08
11/05/2011,1.06
12/05/2011,1.07
13/05/2011,1.09
16/05/2011,1.08
17/05/2011,1.15
18/05/2011,1.15
19/05/2011,1.14
20/05/2011,1.13
23/05/2011,1.14
24/05/2011,1.17
25/05/2011,1.13
26/05/2011,1.14
27/05/2011,1.13
30/05/2011,1.14
31/05/2011,1.14
01/06/2011,1.13
02/06/2011,1.14
03/06/2011,1.15
06/06/2011,1.17
07/06/2011,1.21
08/06/2011,1.23
09/06/2011,1.26
10/06/2011,1.26
13/06/2011,1.26
14/06/2011,1.29
15/06/2011,1.29
16/06/2011,1.31
17/06/2011,1.32
20/06/2011,1.33
21/06/2011,1.32
22/06/2011,1.3
23/06/2011,1.26
24/06/2011,1.29
27/06/2011,1.28
28/06/2011,1.32
29/06/2011,1.28
30/06/2011,1.26
01/07/2011,1.25
04/07/2011,1.26
05/07/2011,1.22
06/07/2011,1.2
07/07/2011,1.22
08/07/2011,1.22
11/07/2011,1.22
12/07/2011,1.24
13/07/2011,1.24
14/07/2011,1.25
15/07/2011,1.24
18/07/2011,1.22
19/07/2011,1.22
20/07/2011,1.28
21/07/2011,1.27
22/07/2011,1.26
25/07/2011,1.26
26/07/2011,1.23
27/07/2011,1.14
28/07/2011,1.14
29/07/2011,1.16
01/08/2011,1.14
02/08/2011,1.14
03/08/2011,1.12
04/08/2011,1.09
05/08/2011,1.2
08/08/2011,1.1
09/08/2011,1.09
10/08/2011,0.83
11/08/2011,0.88
12/08/2011,0.75
15/08/2011,0.81
16/08/2011,0.78
17/08/2011,1.13
18/08/2011,0.85
19/08/2011,0.84
22/08/2011,0.86
23/08/2011,0.86
24/08/2011,0.83
25/08/2011,0.8
26/08/2011,0.79
29/08/2011,0.72
30/08/2011,0.75
31/08/2011,0.88
01/09/2011,0.9
02/09/2011,0.92
05/09/2011,1.01
06/09/2011,0.98
07/09/2011,0.98
08/09/2011,1.05
09/09/2011,1.05
12/09/2011,1.16
13/09/2011,1.1
14/09/2011,1.12
15/09/2011,1.07
16/09/2011,1.05
19/09/2011,1.07
20/09/2011,1.02
21/09/2011,0.91
22/09/2011,0.92
23/09/2011,0.89
26/09/2011,0.89
27/09/2011,0.93
28/09/2011,0.93
29/09/2011,0.89
30/09/2011,0.87
03/10/2011,0.86
04/10/2011,0.92
05/10/2011,0.96
06/10/2011,1.17
07/10/2011,1.11
10/10/2011,1.1
11/10/2011,1.11
12/10/2011,1.08
13/10/2011,1.04
14/10/2011,1.07
17/10/2011,1.18
18/10/2011,1.21
19/10/2011,1.22
20/10/2011,1.12
21/10/2011,1.05
24/10/2011,1.2
25/10/2011,1.07
26/10/2011,1.03
27/10/2011,1
28/10/2011,1.01
31/10/2011,1
01/11/2011,0.91
02/11/2011,0.97
03/11/2011,0.85
04/11/2011,0.73
07/11/2011,0.74
08/11/2011,0.84
09/11/2011,0.79
10/11/2011,1.04
11/11/2011,1.36
14/11/2011,1.3
15/11/2011,1.74
16/11/2011,1.57
17/11/2011,1.62
18/11/2011,1.65
21/11/2011,1.66
22/11/2011,1.63
23/11/2011,1.56
24/11/2011,1.65
25/11/2011,1.68
28/11/2011,1.67
29/11/2011,1.81
30/11/2011,1.16
01/12/2011,1.42
02/12/2011,1.52
05/12/2011,1.07
06/12/2011,1.14
07/12/2011,1.03
08/12/2011,1.08
09/12/2011,1.03
12/12/2011,1.04
13/12/2011,0.71
14/12/2011,0.48
15/12/2011,0.52
16/12/2011,0.48
19/12/2011,0.44
20/12/2011,0.34
21/12/2011,0.23
22/12/2011,0.27
23/12/2011,0
26/12/2011,0
27/12/2011,-0.02
28/12/2011,-0.11
29/12/2011,-0.14
30/12/2011,-0.14
02/01/2012,0.07
03/01/2012,0.07
04/01/2012,0.16
05/01/2012,0.34
06/01/2012,0.35
09/01/2012,0.32
10/01/2012,0.28
11/01/2012,0.29
12/01/2012,0.26
13/01/2012,0.41
16/01/2012,0.28
17/01/2012,0.23
18/01/2012,0.17
19/01/2012,0.42
20/01/2012,0.38
23/01/2012,0.43
24/01/2012,0.43
25/01/2012,0.42
26/01/2012,0.37
27/01/2012,0.47
30/01/2012,0.43
31/01/2012,0.42
01/02/2012,0.33
02/02/2012,0.3
03/02/2012,0.28
06/02/2012,0.34
07/02/2012,0.26
08/02/2012,0.39
09/02/2012,0.42
10/02/2012,0.49
13/02/2012,0.47
14/02/2012,0.36
15/02/2012,0.31
16/02/2012,0.33
17/02/2012,0.28
20/02/2012,0.27
21/02/2012,0.24
22/02/2012,0.26
23/02/2012,0.23
24/02/2012,0.25
27/02/2012,0.25
28/02/2012,0.27
29/02/2012,0.26
01/03/2012,0.26
02/03/2012,0.27
05/03/2012,0.22
06/03/2012,0.24
07/03/2012,0.2
08/03/2012,0.24
09/03/2012,0.22
12/03/2012,0.23
13/03/2012,0.24
14/03/2012,0.2
15/03/2012,0.18
16/03/2012,0.19
19/03/2012,0.17
20/03/2012,0.18
21/03/2012,0.19
22/03/2012,0.17
23/03/2012,0.17
26/03/2012,0.18
27/03/2012,0.18
28/03/2012,0.18
29/03/2012,0.19
30/03/2012,0.19
02/04/2012,0.21
03/04/2012,0.19
04/04/2012,0.19
05/04/2012,0.23
06/04/2012,0.21
09/04/2012,0.21
10/04/2012,0.23
11/04/2012,0.27
12/04/2012,0.28
13/04/2012,0.27
16/04/2012,0.28
17/04/2012,0.23
18/04/2012,0.24
19/04/2012,0.24
20/04/2012,0.25
23/04/2012,0.28
24/04/2012,0.21
25/04/2012,0.21
26/04/2012,0.18
27/04/2012,0.16
30/04/2012,0.15
01/05/2012,0.15
02/05/2012,0.18
03/05/2012,0.16
04/05/2012,0.16
07/05/2012,0.16
08/05/2012,0.18
09/05/2012,0.2
10/05/2012,0.24
11/05/2012,0.23
14/05/2012,0.26
15/05/2012,0.23
16/05/2012,0.22
17/05/2012,0.23
18/05/2012,0.24
21/05/2012,0.2
22/05/2012,0.2
23/05/2012,0.2
24/05/2012,0.17
25/05/2012,0.16
28/05/2012,0.16
29/05/2012,0.16
30/05/2012,0.17
31/05/2012,0.16
01/06/2012,0.18
04/06/2012,0.2
05/06/2012,0.2
06/06/2012,0.32
07/06/2012,0.33
08/06/2012,0.33
11/06/2012,0.35
12/06/2012,0.31
13/06/2012,0.32
14/06/2012,0.32
15/06/2012,0.31
18/06/2012,0.29
19/06/2012,0.28
20/06/2012,0.22
21/06/2012,0.27
22/06/2012,0.27
25/06/2012,0.28
26/06/2012,0.27
27/06/2012,0.18
28/06/2012,0.28
29/06/2012,0.27
02/07/2012,0.3
03/07/2012,0.21
04/07/2012,0.28
05/07/2012,0.12
06/07/2012,0.14
09/07/2012,0.13
10/07/2012,0.13
11/07/2012,0.13
12/07/2012,0.11
13/07/2012,0.11
16/07/2012,0.11
17/07/2012,0.11
18/07/2012,0.15
19/07/2012,0.1
20/07/2012,0.09
23/07/2012,0.09
24/07/2012,0.1
25/07/2012,0.11
26/07/2012,0.08
27/07/2012,0.12
30/07/2012,0.06
31/07/2012,0.1
01/08/2012,0.1
02/08/2012,0.02
03/08/2012,0.02
06/08/2012,0.01
07/08/2012,0.02
08/08/2012,0.01
09/08/2012,0.02
10/08/2012,0.02
13/08/2012,0.01
14/08/2012,0
15/08/2012,0.01
16/08/2012,0.1
17/08/2012,0.01
20/08/2012,0
21/08/2012,0.01
22/08/2012,0.01
23/08/2012,0.1
24/08/2012,0.1
27/08/2012,0.1
28/08/2012,0.1
29/08/2012,0
30/08/2012,0.09
31/08/2012,0.1
03/09/2012,0.01
04/09/2012,0.1
05/09/2012,0.1
06/09/2012,0.11
07/09/2012,0.11
10/09/2012,0
11/09/2012,0.1
12/09/2012,0.1
13/09/2012,0.1
14/09/2012,0.1
17/09/2012,0.11
18/09/2012,0.02
19/09/2012,0.1
20/09/2012,0.1
21/09/2012,0.1
24/09/2012,0.1
25/09/2012,0.1
26/09/2012,0.1
27/09/2012,0.1
28/09/2012,0.1
01/10/2012,0.1
02/10/2012,0.1
03/10/2012,0.1
04/10/2012,0.1
05/10/2012,0.1
08/10/2012,0.02
09/10/2012,0.02
10/10/2012,0.02
11/10/2012,0.02
12/10/2012,0.02
15/10/2012,0.02
16/10/2012,0.02
17/10/2012,0.02
18/10/2012,0.02
19/10/2012,0.02
22/10/2012,0.02
23/10/2012,0.02
24/10/2012,0.01
25/10/2012,0.01
26/10/2012,0.01
29/10/2012,0.01
30/10/2012,0.01
31/10/2012,0.01
01/11/2012,0.01
02/11/2012,0.01
05/11/2012,0.01
06/11/2012,0.02
07/11/2012,0.02
08/11/2012,0.04
09/11/2012,0.12
12/11/2012,0.12
13/11/2012,0.12
14/11/2012,0.11
15/11/2012,0.03
16/11/2012,0.1
19/11/2012,0.01
20/11/2012,0.11
21/11/2012,0.1
22/11/2012,0.01
23/11/2012,0.1
26/11/2012,-0.01
27/11/2012,0.09
28/11/2012,0
29/11/2012,0.09
30/11/2012,0.09
03/12/2012,0.1
04/12/2012,0.1
05/12/2012,0.01
06/12/2012,0.01
07/12/2012,-0.01
10/12/2012,0.02
11/12/2012,0
12/12/2012,0
13/12/2012,0
14/12/2012,0
17/12/2012,0
18/12/2012,0.01
19/12/2012,0.01
20/12/2012,0.01
21/12/2012,0.01
24/12/2012,0.01
25/12/2012,0.01
26/12/2012,0.01
27/12/2012,0.02
28/12/2012,0.1
31/12/2012,0.1
01/01/2013,0.1
02/01/2013,0.01
03/01/2013,0.01
04/01/2013,0.01
07/01/2013,0.01
08/01/2013,0.1
09/01/2013,0.12
10/01/2013,0.07
11/01/2013,0.07
14/01/2013,0.03
15/01/2013,0.03
16/01/2013,0.04
17/01/2013,0.03
18/01/2013,0.02
21/01/2013,0.03
22/01/2013,0.12
23/01/2013,0.12
24/01/2013,0.07
25/01/2013,0.03
28/01/2013,0.04
29/01/2013,0.04
30/01/2013,0.03
31/01/2013,0.04
01/02/2013,0.04
04/02/2013,0.03
05/02/2013,0.13
06/02/2013,0.16
07/02/2013,0.17
08/02/2013,0.16
11/02/2013,0.07
12/02/2013,0.06
13/02/2013,0.07
14/02/2013,0.06
15/02/2013,0.06
18/02/2013,0.06
19/02/2013,0.15
20/02/2013,0.11
21/02/2013,0.15
22/02/2013,0.15
25/02/2013,0.05
26/02/2013,0.15
27/02/2013,0.15
28/02/2013,0.09
01/03/2013,0.14
04/03/2013,0.05
05/03/2013,0.05
06/03/2013,0.09
07/03/2013,0.17
08/03/2013,0.16
11/03/2013,0.15
12/03/2013,0.16
13/03/2013,0.16
14/03/2013,0.16
15/03/2013,0.15
18/03/2013,0.05
19/03/2013,0.15
20/03/2013,0.14
21/03/2013,0.08
22/03/2013,0.05
25/03/2013,0.03
26/03/2013,0.04
27/03/2013,0.04
28/03/2013,0.04
29/03/2013,0.04
01/04/2013,0.04
02/04/2013,0.05
03/04/2013,0.06
04/04/2013,0.05
05/04/2013,0.05
08/04/2013,0.04
09/04/2013,0.04
10/04/2013,0.05
11/04/2013,0.04
12/04/2013,0.04
15/04/2013,0.04
16/04/2013,0.04
17/04/2013,0.03
18/04/2013,0.03
19/04/2013,0.05
22/04/2013,0.03
23/04/2013,0.05
24/04/2013,0.04
25/04/2013,0.04
26/04/2013,0.02
29/04/2013,0.01
30/04/2013,0.02
01/05/2013,0.02
02/05/2013,0.03
03/05/2013,0.03
06/05/2013,0.03
07/05/2013,0.03
08/05/2013,0.03
09/05/2013,0.03
10/05/2013,0.04
13/05/2013,0.03
14/05/2013,0.03
15/05/2013,0.03
16/05/2013,0.03
17/05/2013,0.03
20/05/2013,0.01
21/05/2013,0.03
22/05/2013,0.04
23/05/2013,0.03
24/05/2013,0.04
27/05/2013,0.04
28/05/2013,0.04
29/05/2013,0.02
30/05/2013,0.03
31/05/2013,0.04
03/06/2013,0.04
04/06/2013,0.04
05/06/2013,0.04
06/06/2013,0.07
07/06/2013,0.06
10/06/2013,0.06
11/06/2013,0.07
12/06/2013,0.09
13/06/2013,0.07
14/06/2013,0.05
17/06/2013,0.06
18/06/2013,0.05
19/06/2013,0.05
20/06/2013,0.06
21/06/2013,0.05
24/06/2013,0.07
25/06/2013,0.07
26/06/2013,0.06
27/06/2013,0.06
28/06/2013,0.04
01/07/2013,0.04
02/07/2013,0.05
03/07/2013,0.03
04/07/2013,0.03
05/07/2013,0.05
08/07/2013,0.05
09/07/2013,0.04
10/07/2013,0.05
11/07/2013,0.05
12/07/2013,0.06
15/07/2013,0.06
16/07/2013,0.04
17/07/2013,0.05
18/07/2013,0.05
19/07/2013,0.06
22/07/2013,0.06
23/07/2013,0.06
24/07/2013,0.07
25/07/2013,0.06
26/07/2013,0.06
29/07/2013,0.05
30/07/2013,0.05
31/07/2013,0.04
01/08/2013,0.07
02/08/2013,0.08
05/08/2013,0.07
06/08/2013,0.07
07/08/2013,0.06
08/08/2013,0.07
09/08/2013,0.08
12/08/2013,0.07
13/08/2013,0.08
14/08/2013,0.08
15/08/2013,0.08
16/08/2013,0.08
19/08/2013,0.07
20/08/2013,0.07
21/08/2013,0.07
22/08/2013,0.07
23/08/2013,0.08
26/08/2013,0.08
27/08/2013,0.08
28/08/2013,0.08
29/08/2013,0.08
30/08/2013,0.08
02/09/2013,0.09
03/09/2013,0.09
04/09/2013,0.09
05/09/2013,0.1
06/09/2013,0.11
09/09/2013,0.1
10/09/2013,0.09
11/09/2013,0.1
12/09/2013,0.11
13/09/2013,0.11
16/09/2013,0.11
17/09/2013,0.08
18/09/2013,0.07
19/09/2013,0.05
20/09/2013,0.02
23/09/2013,0.02
24/09/2013,0.02
25/09/2013,0.02
26/09/2013,0.03
27/09/2013,0.03
30/09/2013,0.04
01/10/2013,0.03
02/10/2013,0.03
03/10/2013,0.05
04/10/2013,0.06
07/10/2013,0.05
08/10/2013,0.06
09/10/2013,0.07
10/10/2013,0.07
11/10/2013,0.06
14/10/2013,0.05
15/10/2013,0.05
16/10/2013,0.04
17/10/2013,0.05
18/10/2013,0.05
21/10/2013,0.05
22/10/2013,0.05
23/10/2013,0.06
24/10/2013,0.06
25/10/2013,0.06
28/10/2013,0.06
29/10/2013,0.08
30/10/2013,0.06
31/10/2013,0.06
01/11/2013,0.07
04/11/2013,0.06
05/11/2013,0.07
06/11/2013,0.07
07/11/2013,0.07
08/11/2013,0.06
11/11/2013,0.07
12/11/2013,0.08
13/11/2013,0.07
14/11/2013,0.06
15/11/2013,0.07
18/11/2013,0.07
19/11/2013,0.06
20/11/2013,0.04
21/11/2013,0.04
22/11/2013,0.07
25/11/2013,0.08
26/11/2013,0.06
27/11/2013,0.06
28/11/2013,0.06
29/11/2013,0.06
02/12/2013,0.06
03/12/2013,0.06
04/12/2013,0.07
05/12/2013,0.09
06/12/2013,0.12
09/12/2013,0.14
10/12/2013,0.13
11/12/2013,0.13
12/12/2013,0.13
13/12/2013,0.14
16/12/2013,0.15
17/12/2013,0.17
18/12/2013,0.14
19/12/2013,0.11
20/12/2013,0.1
23/12/2013,0.11
24/12/2013,0.09
25/12/2013,0.09
26/12/2013,0.09
27/12/2013,0.1
30/12/2013,0.09
31/12/2013,0.08
01/01/2014,0.08
02/01/2014,0.08
03/01/2014,0.05
06/01/2014,0.05
07/01/2014,0.07
08/01/2014,0.06
09/01/2014,0.07
10/01/2014,0.12
13/01/2014,0.12
14/01/2014,0.15
15/01/2014,0.16
16/01/2014,0.17
17/01/2014,0.16
20/01/2014,0.16
21/01/2014,0.16
22/01/2014,0.16
23/01/2014,0.15
24/01/2014,0.15
27/01/2014,0.15
28/01/2014,0.15
29/01/2014,0.15
30/01/2014,0.14
31/01/2014,0.13
03/02/2014,0.13
04/02/2014,0.14
05/02/2014,0.14
06/02/2014,0.15
07/02/2014,0.15
10/02/2014,0.16
11/02/2014,0.16
12/02/2014,0.18
13/02/2014,0.16
14/02/2014,0.16
17/02/2014,0.14
18/02/2014,0.16
19/02/2014,0.13
20/02/2014,0.15
21/02/2014,0.13
24/02/2014,0.14
25/02/2014,0.14
26/02/2014,0.14
27/02/2014,0.13
28/02/2014,0.14
03/03/2014,0.13
04/03/2014,0.16
05/03/2014,0.15
06/03/2014,0.18
07/03/2014,0.2
10/03/2014,0.19
11/03/2014,0.2
12/03/2014,0.18
13/03/2014,0.18
14/03/2014,0.18
17/03/2014,0.19
18/03/2014,0.19
19/03/2014,0.19
20/03/2014,0.2
21/03/2014,0.2
24/03/2014,0.2
25/03/2014,0.19
26/03/2014,0.18
27/03/2014,0.18
28/03/2014,0.19
31/03/2014,0.2
01/04/2014,0.2
02/04/2014,0.2
03/04/2014,0.2
04/04/2014,0.2
07/04/2014,0.22
08/04/2014,0.21
09/04/2014,0.2
10/04/2014,0.21
11/04/2014,0.21
14/04/2014,0.2
15/04/2014,0.19
16/04/2014,0.19
17/04/2014,0.18
18/04/2014,0.18
21/04/2014,0.18
22/04/2014,0.18
23/04/2014,0.2
24/04/2014,0.2
25/04/2014,0.2
28/04/2014,0.2
29/04/2014,0.19
30/04/2014,0.18
01/05/2014,0.18
02/05/2014,0.2
05/05/2014,0.21
06/05/2014,0.21
07/05/2014,0.19
08/05/2014,0.18
09/05/2014,0.17
12/05/2014,0.18
13/05/2014,0.16
14/05/2014,0.15
15/05/2014,0.12
16/05/2014,0.12
19/05/2014,0.12
20/05/2014,0.13
21/05/2014,0.14
22/05/2014,0.14
23/05/2014,0.14
26/05/2014,0.13
27/05/2014,0.11
28/05/2014,0.11
29/05/2014,0.1
30/05/2014,0.11
02/06/2014,0.12
03/06/2014,0.12
04/06/2014,0.11
05/06/2014,0.08
06/06/2014,0.08
09/06/2014,0.08
10/06/2014,0.06
11/06/2014,0.05
12/06/2014,0.03
13/06/2014,0.01
16/06/2014,0
17/06/2014,0.01
18/06/2014,0.02
19/06/2014,0.01
20/06/2014,0
23/06/2014,0
24/06/2014,-0.01
25/06/2014,0.02
26/06/2014,0
27/06/2014,0.02
30/06/2014,0.01
01/07/2014,0
02/07/2014,0.01
03/07/2014,0.01
04/07/2014,0.01
07/07/2014,0.03
08/07/2014,0.03
09/07/2014,0.01
10/07/2014,0.02
11/07/2014,0.02
14/07/2014,0.02
15/07/2014,0.01
16/07/2014,0.02
17/07/2014,0.01
18/07/2014,0.02
21/07/2014,0.02
22/07/2014,0.02
23/07/2014,0.02
24/07/2014,0.02
25/07/2014,0
28/07/2014,0.01
29/07/2014,0
30/07/2014,0
31/07/2014,0
01/08/2014,0.01
04/08/2014,0.01
05/08/2014,0.01
06/08/2014,0.01
07/08/2014,0.01
08/08/2014,0
11/08/2014,0.01
12/08/2014,0
13/08/2014,0.01
14/08/2014,0
15/08/2014,0
18/08/2014,0.01
19/08/2014,0.02
20/08/2014,-0.01
21/08/2014,0.01
22/08/2014,0.02
25/08/2014,0.01
26/08/2014,0
27/08/2014,0.02
28/08/2014,0.02
29/08/2014,0.02
01/09/2014,0.01
02/09/2014,0.02
03/09/2014,0.02
04/09/2014,-0.05
05/09/2014,-0.05
08/09/2014,-0.05
09/09/2014,-0.05
10/09/2014,-0.05
11/09/2014,-0.06
12/09/2014,-0.05
15/09/2014,-0.05
16/09/2014,-0.04
17/09/2014,-0.01
18/09/2014,-0.03
19/09/2014,-0.04
22/09/2014,-0.04
23/09/2014,-0.03
24/09/2014,-0.04
25/09/2014,-0.04
26/09/2014,-0.03
29/09/2014,-0.04
30/09/2014,-0.03
01/10/2014,-0.04
02/10/2014,-0.04
03/10/2014,-0.02
06/10/2014,-0.01
07/10/2014,-0.03
08/10/2014,-0.02
09/10/2014,-0.05
10/10/2014,-0.05
13/10/2014,-0.04
14/10/2014,-0.06
15/10/2014,-0.09
16/10/2014,-0.07
17/10/2014,-0.07
20/10/2014,-0.08
21/10/2014,-0.05
22/10/2014,-0.05
23/10/2014,-0.07
24/10/2014,-0.05
27/10/2014,-0.05
28/10/2014,-0.04
29/10/2014,-0.04
30/10/2014,-0.03
31/10/2014,-0.04
03/11/2014,-0.05
04/11/2014,-0.07
05/11/2014,-0.05
06/11/2014,-0.05
07/11/2014,-0.04
10/11/2014,-0.05
11/11/2014,-0.06
12/11/2014,-0.06
13/11/2014,-0.06
14/11/2014,-0.06
17/11/2014,-0.05
18/11/2014,-0.07
19/11/2014,-0.05
20/11/2014,-0.09
21/11/2014,-0.06
24/11/2014,-0.08
25/11/2014,-0.07
26/11/2014,-0.08
27/11/2014,-0.06
28/11/2014,-0.08
01/12/2014,-0.05
02/12/2014,-0.03
03/12/2014,-0.03
04/12/2014,0.01
05/12/2014,0.02
08/12/2014,0.01
09/12/2014,0.02
10/12/2014,0.01
11/12/2014,0
12/12/2014,0
15/12/2014,-0.01
16/12/2014,0
17/12/2014,-0.02
18/12/2014,-0.01
19/12/2014,-0.02
22/12/2014,-0.01
23/12/2014,-0.01
24/12/2014,-0.02
25/12/2014,-0.02
26/12/2014,-0.02
29/12/2014,-0.02
30/12/2014,-0.04
31/12/2014,-0.04
01/01/2015,-0.04
02/01/2015,-0.07
05/01/2015,-0.08
06/01/2015,-0.06
07/01/2015,-0.08
08/01/2015,-0.1
09/01/2015,-0.1
12/01/2015,-0.12
13/01/2015,-0.15
14/01/2015,-0.15
15/01/2015,-0.14
16/01/2015,-0.15
19/01/2015,-0.14
20/01/2015,-0.14
21/01/2015,-0.13
22/01/2015,-0.14
23/01/2015,-0.12
26/01/2015,-0.11
27/01/2015,-0.08
28/01/2015,-0.1
29/01/2015,-0.12
30/01/2015,-0.11
02/02/2015,-0.13
03/02/2015,-0.13
04/02/2015,-0.14
05/02/2015,-0.11
06/02/2015,-0.11
09/02/2015,-0.12
10/02/2015,-0.1
11/02/2015,-0.1
12/02/2015,-0.09
13/02/2015,-0.12
16/02/2015,-0.12
17/02/2015,-0.09
18/02/2015,-0.11
19/02/2015,-0.12
20/02/2015,-0.09
23/02/2015,-0.1
24/02/2015,-0.11
25/02/2015,-0.14
26/02/2015,-0.14
27/02/2015,-0.14
02/03/2015,-0.12
03/03/2015,-0.15
04/03/2015,-0.14
05/03/2015,-0.12
06/03/2015,-0.13
09/03/2015,-0.13
10/03/2015,-0.13
11/03/2015,-0.14
12/03/2015,-0.14
13/03/2015,-0.13
16/03/2015,-0.14
17/03/2015,-0.15
18/03/2015,-0.16
19/03/2015,-0.18
20/03/2015,-0.18
23/03/2015,-0.18
24/03/2015,-0.19
25/03/2015,-0.17
26/03/2015,-0.15
27/03/2015,-0.17
30/03/2015,-0.17
31/03/2015,-0.16
01/04/2015,-0.19
02/04/2015,-0.18
03/04/2015,-0.18
06/04/2015,-0.18
07/04/2015,-0.16
08/04/2015,-0.15
09/04/2015,-0.19
10/04/2015,-0.19
13/04/2015,-0.19
14/04/2015,-0.17
15/04/2015,-0.19
16/04/2015,-0.17
17/04/2015,-0.19
20/04/2015,-0.17
21/04/2015,-0.19
22/04/2015,-0.18
23/04/2015,-0.18
24/04/2015,-0.19
27/04/2015,-0.19
28/04/2015,-0.17
29/04/2015,-0.14
30/04/2015,-0.18
01/05/2015,-0.18
04/05/2015,-0.19
05/05/2015,-0.17
06/05/2015,-0.14
07/05/2015,-0.16
08/05/2015,-0.16
11/05/2015,-0.16
12/05/2015,-0.16
13/05/2015,-0.17
14/05/2015,-0.16
15/05/2015,-0.19
18/05/2015,-0.19
19/05/2015,-0.19
20/05/2015,-0.18
21/05/2015,-0.18
22/05/2015,-0.18
25/05/2015,-0.18
26/05/2015,-0.18
27/05/2015,-0.17
28/05/2015,-0.18
29/05/2015,-0.17
01/06/2015,-0.18
02/06/2015,-0.17
03/06/2015,-0.17
04/06/2015,-0.18
05/06/2015,-0.16
08/06/2015,-0.18
09/06/2015,-0.19
10/06/2015,-0.18
11/06/2015,-0.18
12/06/2015,-0.15
15/06/2015,-0.18
16/06/2015,-0.18
17/06/2015,-0.17
18/06/2015,-0.16
19/06/2015,-0.16
22/06/2015,-0.18
23/06/2015,-0.19
24/06/2015,-0.18
25/06/2015,-0.2
26/06/2015,-0.22
29/06/2015,-0.21
30/06/2015,-0.18
01/07/2015,-0.19
02/07/2015,-0.19
03/07/2015,-0.19
06/07/2015,-0.2
07/07/2015,-0.19
08/07/2015,-0.18
09/07/2015,-0.2
10/07/2015,-0.2
13/07/2015,-0.22
14/07/2015,-0.2
15/07/2015,-0.21
16/07/2015,-0.25
17/07/2015,-0.24
20/07/2015,-0.25
21/07/2015,-0.26
22/07/2015,-0.27
23/07/2015,-0.26
24/07/2015,-0.26
27/07/2015,-0.26
28/07/2015,-0.25
29/07/2015,-0.24
30/07/2015,-0.24
31/07/2015,-0.22
03/08/2015,-0.22
04/08/2015,-0.2
05/08/2015,-0.22
06/08/2015,-0.19
07/08/2015,-0.19
10/08/2015,-0.19
11/08/2015,-0.19
12/08/2015,-0.19
13/08/2015,-0.22
14/08/2015,-0.2
17/08/2015,-0.23
18/08/2015,-0.2
19/08/2015,-0.23
20/08/2015,-0.2
21/08/2015,-0.21
24/08/2015,-0.24
25/08/2015,-0.22
26/08/2015,-0.22
27/08/2015,-0.21
28/08/2015,-0.22
31/08/2015,-0.24
01/09/2015,-0.24
02/09/2015,-0.24
03/09/2015,-0.24
04/09/2015,-0.21
07/09/2015,-0.21
08/09/2015,-0.21
09/09/2015,-0.21
10/09/2015,-0.21
11/09/2015,-0.21
14/09/2015,-0.19
15/09/2015,-0.22
16/09/2015,-0.22
17/09/2015,-0.22
18/09/2015,-0.22
21/09/2015,-0.22
22/09/2015,-0.22
23/09/2015,-0.23
24/09/2015,-0.23
25/09/2015,-0.24
28/09/2015,-0.23
29/09/2015,-0.24
30/09/2015,-0.24
01/10/2015,-0.25
02/10/2015,-0.23
05/10/2015,-0.24
06/10/2015,-0.24
07/10/2015,-0.24
08/10/2015,-0.24
09/10/2015,-0.23
12/10/2015,-0.23
13/10/2015,-0.24
14/10/2015,-0.24
15/10/2015,-0.24
16/10/2015,-0.24
19/10/2015,-0.24
20/10/2015,-0.24
21/10/2015,-0.23
22/10/2015,-0.25
23/10/2015,-0.25
26/10/2015,-0.28
27/10/2015,-0.29
28/10/2015,-0.29
29/10/2015,-0.29
30/10/2015,-0.28
02/11/2015,-0.27
03/11/2015,-0.27
04/11/2015,-0.27
05/11/2015,-0.28
06/11/2015,-0.26
09/11/2015,-0.25
10/11/2015,-0.27
11/11/2015,-0.26
12/11/2015,-0.25
13/11/2015,-0.3
16/11/2015,-0.27
17/11/2015,-0.28
18/11/2015,-0.29
19/11/2015,-0.3
20/11/2015,-0.29
23/11/2015,-0.32
24/11/2015,-0.33
25/11/2015,-0.33
26/11/2015,-0.34
27/11/2015,-0.35
30/11/2015,-0.37
01/12/2015,-0.35
02/12/2015,-0.37
03/12/2015,-0.28
04/12/2015,-0.27
07/12/2015,-0.27
08/12/2015,-0.31
09/12/2015,-0.34
10/12/2015,-0.34
11/12/2015,-0.34
14/12/2015,-0.38
15/12/2015,-0.39
16/12/2015,-0.4
17/12/2015,-0.41
18/12/2015,-0.41
21/12/2015,-0.41
22/12/2015,-0.41
23/12/2015,-0.4
24/12/2015,-0.4
25/12/2015,-0.4
28/12/2015,-0.4
29/12/2015,-0.46
30/12/2015,-0.46
31/12/2015,-0.46
01/01/2016,-0.46
04/01/2016,-0.46
05/01/2016,-0.55
06/01/2016,-0.53
07/01/2016,-0.56
08/01/2016,-0.51
11/01/2016,-0.49
12/01/2016,-0.38
13/01/2016,-0.38
14/01/2016,-0.38
15/01/2016,-0.38
18/01/2016,-0.38
19/01/2016,-0.36
20/01/2016,-0.36
21/01/2016,-0.36
22/01/2016,-0.38
25/01/2016,-0.38
26/01/2016,-0.37
27/01/2016,-0.37
28/01/2016,-0.37
29/01/2016,-0.38
01/02/2016,-0.38
02/02/2016,-0.37
03/02/2016,-0.34
04/02/2016,-0.36
05/02/2016,-0.35
08/02/2016,-0.36
09/02/2016,-0.36
10/02/2016,-0.38
11/02/2016,-0.39
12/02/2016,-0.39
15/02/2016,-0.38
16/02/2016,-0.39
17/02/2016,-0.39
18/02/2016,-0.4
19/02/2016,-0.4
22/02/2016,-0.39
23/02/2016,-0.4
24/02/2016,-0.39
25/02/2016,-0.41
26/02/2016,-0.42
29/02/2016,-0.43
01/03/2016,-0.42
02/03/2016,-0.41
03/03/2016,-0.41
04/03/2016,-0.42
07/03/2016,-0.41
08/03/2016,-0.42
09/03/2016,-0.41
10/03/2016,-0.42
11/03/2016,-0.41
14/03/2016,-0.42
15/03/2016,-0.42
16/03/2016,-0.43
17/03/2016,-0.45
18/03/2016,-0.45
21/03/2016,-0.45
22/03/2016,-0.45
23/03/2016,-0.44
24/03/2016,-0.43
25/03/2016,-0.43
28/03/2016,-0.43
29/03/2016,-0.43
30/03/2016,-0.43
31/03/2016,-0.43
01/04/2016,-0.43
04/04/2016,-0.42
05/04/2016,-0.43
06/04/2016,-0.43
07/04/2016,-0.46
08/04/2016,-0.45
11/04/2016,-0.45
12/04/2016,-0.45
13/04/2016,-0.45
14/04/2016,-0.46
15/04/2016,-0.49
18/04/2016,-0.47
19/04/2016,-0.47
20/04/2016,-0.48
21/04/2016,-0.47
22/04/2016,-0.48
25/04/2016,-0.48
26/04/2016,-0.48
27/04/2016,-0.48
28/04/2016,-0.48
29/04/2016,-0.48
02/05/2016,-0.47
03/05/2016,-0.47
04/05/2016,-0.47
05/05/2016,-0.47
06/05/2016,-0.47
09/05/2016,-0.47
10/05/2016,-0.5
11/05/2016,-0.5
12/05/2016,-0.51
13/05/2016,-0.52
16/05/2016,-0.52
17/05/2016,-0.53
18/05/2016,-0.53
19/05/2016,-0.53
20/05/2016,-0.53
23/05/2016,-0.53
24/05/2016,-0.52
25/05/2016,-0.52
26/05/2016,-0.51
27/05/2016,-0.51
30/05/2016,-0.49
31/05/2016,-0.5
01/06/2016,-0.54
02/06/2016,-0.54
03/06/2016,-0.54
06/06/2016,-0.54
07/06/2016,-0.5
08/06/2016,-0.49
09/06/2016,-0.5
10/06/2016,-0.49
13/06/2016,-0.49
14/06/2016,-0.49
15/06/2016,-0.5
16/06/2016,-0.5
17/06/2016,-0.5
20/06/2016,-0.5
21/06/2016,-0.51
22/06/2016,-0.52
23/06/2016,-0.52
24/06/2016,-0.55
27/06/2016,-0.55
28/06/2016,-0.61
29/06/2016,-0.63
30/06/2016,-0.63
01/07/2016,-0.63
04/07/2016,-0.6
05/07/2016,-0.62
06/07/2016,-0.61
07/07/2016,-0.6
08/07/2016,-0.59
11/07/2016,-0.59
12/07/2016,-0.57
13/07/2016,-0.58
14/07/2016,-0.59
15/07/2016,-0.59
18/07/2016,-0.6
19/07/2016,-0.6
20/07/2016,-0.58
21/07/2016,-0.58
22/07/2016,-0.58
25/07/2016,-0.58
26/07/2016,-0.58
27/07/2016,-0.57
28/07/2016,-0.57
29/07/2016,-0.57
01/08/2016,-0.57
02/08/2016,-0.57
03/08/2016,-0.57
04/08/2016,-0.57
05/08/2016,-0.58
08/08/2016,-0.57
09/08/2016,-0.58
10/08/2016,-0.61
11/08/2016,-0.61
12/08/2016,-0.61
15/08/2016,-0.61
16/08/2016,-0.62
17/08/2016,-0.62
18/08/2016,-0.62
19/08/2016,-0.63
22/08/2016,-0.63
23/08/2016,-0.63
24/08/2016,-0.62
25/08/2016,-0.62
26/08/2016,-0.61
29/08/2016,-0.61
30/08/2016,-0.61
31/08/2016,-0.62
01/09/2016,-0.61
02/09/2016,-0.62
05/09/2016,-0.62
06/09/2016,-0.62
07/09/2016,-0.62
08/09/2016,-0.62
09/09/2016,-0.62
12/09/2016,-0.59
13/09/2016,-0.6
14/09/2016,-0.6
15/09/2016,-0.61
16/09/2016,-0.61
19/09/2016,-0.6
20/09/2016,-0.6
21/09/2016,-0.62
22/09/2016,-0.63
23/09/2016,-0.68
26/09/2016,-0.7
27/09/2016,-0.71
28/09/2016,-0.74
29/09/2016,-0.74
30/09/2016,-0.74
03/10/2016,-0.72
04/10/2016,-0.72
05/10/2016,-0.72
06/10/2016,-0.75
07/10/2016,-0.75
10/10/2016,-0.73
11/10/2016,-0.75
12/10/2016,-0.75
13/10/2016,-0.75
14/10/2016,-0.74
17/10/2016,-0.74
18/10/2016,-0.75
19/10/2016,-0.74
20/10/2016,-0.75
21/10/2016,-0.75
24/10/2016,-0.75
25/10/2016,-0.75
26/10/2016,-0.76
27/10/2016,-0.76
28/10/2016,-0.76
31/10/2016,-0.76
01/11/2016,-0.75
02/11/2016,-0.76
03/11/2016,-0.72
04/11/2016,-0.72
07/11/2016,-0.72
08/11/2016,-0.73
09/11/2016,-0.73
10/11/2016,-0.72
11/11/2016,-0.72
14/11/2016,-0.7
15/11/2016,-0.7
16/11/2016,-0.67
17/11/2016,-0.68
18/11/2016,-0.68
21/11/2016,-0.68
22/11/2016,-0.69
23/11/2016,-0.73
24/11/2016,-0.76
25/11/2016,-0.78
28/11/2016,-0.78
29/11/2016,-0.78
30/11/2016,-0.78
01/12/2016,-0.79
02/12/2016,-0.79
05/12/2016,-0.8
06/12/2016,-0.84
07/12/2016,-0.83
08/12/2016,-0.74
09/12/2016,-0.78
12/12/2016,-0.76
13/12/2016,-0.75
14/12/2016,-0.74
15/12/2016,-0.85
16/12/2016,-0.88
19/12/2016,-0.88
20/12/2016,-0.91
21/12/2016,-0.91
22/12/2016,-0.94
23/12/2016,-0.93
26/12/2016,-0.93
27/12/2016,-0.95
28/12/2016,-0.96
29/12/2016,-0.89
30/12/2016,-0.87
02/01/2017,-0.92
03/01/2017,-0.73
04/01/2017,-0.73
05/01/2017,-0.72
06/01/2017,-0.56
09/01/2017,-0.66
10/01/2017,-0.68
11/01/2017,-0.69
12/01/2017,-0.65
13/01/2017,-0.65
16/01/2017,-0.6
17/01/2017,-0.6
18/01/2017,-0.55
19/01/2017,-0.59
20/01/2017,-0.58
23/01/2017,-0.6
24/01/2017,-0.5
25/01/2017,-0.61
26/01/2017,-0.59
27/01/2017,-0.52
30/01/2017,-0.62
31/01/2017,-0.64
01/02/2017,-0.59
02/02/2017,-0.62
03/02/2017,-0.62
06/02/2017,-0.62
07/02/2017,-0.66
08/02/2017,-0.66
09/02/2017,-0.64
10/02/2017,-0.67
13/02/2017,-0.66
14/02/2017,-0.66
15/02/2017,-0.67
16/02/2017,-0.65
17/02/2017,-0.63
20/02/2017,-0.67
21/02/2017,-0.64
22/02/2017,-0.63
23/02/2017,-0.64
24/02/2017,-0.63
27/02/2017,-0.67
28/02/2017,-0.69
01/03/2017,-0.7
02/03/2017,-0.69
03/03/2017,-0.67
06/03/2017,-0.69
07/03/2017,-0.73
08/03/2017,-0.76
09/03/2017,-0.77
10/03/2017,-0.77
13/03/2017,-0.77
14/03/2017,-0.7
15/03/2017,-0.74
16/03/2017,-0.75
17/03/2017,-0.74
20/03/2017,-0.75
21/03/2017,-0.72
22/03/2017,-0.74
23/03/2017,-0.74
24/03/2017,-0.72
27/03/2017,-0.73
28/03/2017,-0.72
29/03/2017,-0.71
30/03/2017,-0.65
31/03/2017,-0.65
03/04/2017,-0.66
04/04/2017,-0.64
05/04/2017,-0.63
06/04/2017,-0.66
07/04/2017,-0.65
10/04/2017,-0.63
11/04/2017,-0.62
12/04/2017,-0.64
13/04/2017,-0.65
14/04/2017,-0.65
17/04/2017,-0.65
18/04/2017,-0.66
19/04/2017,-0.65
20/04/2017,-0.65
21/04/2017,-0.67
24/04/2017,-0.66
25/04/2017,-0.65
26/04/2017,-0.68
27/04/2017,-0.66
28/04/2017,-0.64
01/05/2017,-0.64
02/05/2017,-0.62
03/05/2017,-0.65
04/05/2017,-0.58
05/05/2017,-0.58
08/05/2017,-0.58
09/05/2017,-0.57
10/05/2017,-0.57
11/05/2017,-0.57
12/05/2017,-0.58
15/05/2017,-0.57
16/05/2017,-0.57
17/05/2017,-0.58
18/05/2017,-0.59
19/05/2017,-0.6
22/05/2017,-0.61
23/05/2017,-0.63
24/05/2017,-0.65
25/05/2017,-0.62
26/05/2017,-0.62
29/05/2017,-0.62
30/05/2017,-0.61
31/05/2017,-0.62
01/06/2017,-0.63
02/06/2017,-0.6
05/06/2017,-0.6
06/06/2017,-0.6
07/06/2017,-0.59
08/06/2017,-0.59
09/06/2017,-0.54
12/06/2017,-0.59
13/06/2017,-0.59
14/06/2017,-0.6
15/06/2017,-0.59
16/06/2017,-0.6
19/06/2017,-0.59
20/06/2017,-0.59
21/06/2017,-0.59
22/06/2017,-0.59
23/06/2017,-0.59
26/06/2017,-0.6
27/06/2017,-0.6
28/06/2017,-0.63
29/06/2017,-0.64
30/06/2017,-0.64
03/07/2017,-0.63
04/07/2017,-0.62
05/07/2017,-0.62
06/07/2017,-0.61
07/07/2017,-0.6
10/07/2017,-0.57
11/07/2017,-0.57
12/07/2017,-0.57
13/07/2017,-0.57
14/07/2017,-0.57
17/07/2017,-0.57
18/07/2017,-0.57
19/07/2017,-0.52
20/07/2017,-0.58
21/07/2017,-0.59
24/07/2017,-0.6
25/07/2017,-0.6
26/07/2017,-0.6
27/07/2017,-0.6
28/07/2017,-0.6
31/07/2017,-0.61
01/08/2017,-0.61
02/08/2017,-0.53
03/08/2017,-0.61
04/08/2017,-0.61
07/08/2017,-0.62
08/08/2017,-0.63
09/08/2017,-0.63
10/08/2017,-0.63
11/08/2017,-0.64
14/08/2017,-0.63
15/08/2017,-0.62
16/08/2017,-0.62
17/08/2017,-0.62
18/08/2017,-0.61
21/08/2017,-0.61
22/08/2017,-0.62
23/08/2017,-0.61
24/08/2017,-0.63
25/08/2017,-0.63
28/08/2017,-0.64
29/08/2017,-0.65
30/08/2017,-0.64
31/08/2017,-0.65
01/09/2017,-0.65
04/09/2017,-0.65
05/09/2017,-0.67
06/09/2017,-0.67
07/09/2017,-0.61
08/09/2017,-0.61
11/09/2017,-0.6
12/09/2017,-0.6
13/09/2017,-0.6
14/09/2017,-0.61
15/09/2017,-0.6
18/09/2017,-0.62
19/09/2017,-0.62
20/09/2017,-0.61
21/09/2017,-0.62
22/09/2017,-0.59
25/09/2017,-0.6
26/09/2017,-0.6
27/09/2017,-0.62
28/09/2017,-0.63
29/09/2017,-0.63
02/10/2017,-0.63
03/10/2017,-0.62
04/10/2017,-0.64
05/10/2017,-0.65
06/10/2017,-0.65
09/10/2017,-0.64
10/10/2017,-0.71
11/10/2017,-0.72
12/10/2017,-0.72
13/10/2017,-0.7
16/10/2017,-0.71
17/10/2017,-0.71
18/10/2017,-0.69
19/10/2017,-0.7
20/10/2017,-0.7
23/10/2017,-0.7
24/10/2017,-0.71
25/10/2017,-0.73
26/10/2017,-0.72
27/10/2017,-0.71
30/10/2017,-0.73
31/10/2017,-0.72
01/11/2017,-0.67
02/11/2017,-0.68
03/11/2017,-0.68
06/11/2017,-0.68
07/11/2017,-0.7
08/11/2017,-0.7
09/11/2017,-0.7
10/11/2017,-0.69
13/11/2017,-0.69
14/11/2017,-0.7
15/11/2017,-0.7
16/11/2017,-0.73
17/11/2017,-0.74
20/11/2017,-0.73
21/11/2017,-0.72
22/11/2017,-0.73
23/11/2017,-0.73
24/11/2017,-0.75
27/11/2017,-0.75
28/11/2017,-0.79
29/11/2017,-0.8
30/11/2017,-0.86
01/12/2017,-0.88
04/12/2017,-0.87
05/12/2017,-0.86
06/12/2017,-0.74
07/12/2017,-0.73
08/12/2017,-0.73
11/12/2017,-0.76
12/12/2017,-0.79
13/12/2017,-0.87
14/12/2017,-0.9
15/12/2017,-0.89
18/12/2017,-0.87
19/12/2017,-0.87
20/12/2017,-0.87
21/12/2017,-0.87
22/12/2017,-0.85
25/12/2017,-0.85
26/12/2017,-0.85
27/12/2017,-0.85
28/12/2017,-0.71
29/12/2017,-0.77
01/01/2018,-0.77
02/01/2018,-0.66
03/01/2018,-0.62
04/01/2018,-0.61
05/01/2018,-0.59
08/01/2018,-0.59
09/01/2018,-0.61
10/01/2018,-0.6
11/01/2018,-0.59
12/01/2018,-0.59
15/01/2018,-0.59
16/01/2018,-0.6
17/01/2018,-0.59
18/01/2018,-0.58
19/01/2018,-0.6
22/01/2018,-0.6
23/01/2018,-0.6
24/01/2018,-0.6
25/01/2018,-0.6
26/01/2018,-0.59
29/01/2018,-0.58
30/01/2018,-0.6
31/01/2018,-0.66
01/02/2018,-0.66
02/02/2018,-0.67
05/02/2018,-0.68
06/02/2018,-0.69
07/02/2018,-0.59
08/02/2018,-0.61
09/02/2018,-0.6
12/02/2018,-0.62
13/02/2018,-0.61
14/02/2018,-0.63
15/02/2018,-0.62
16/02/2018,-0.62
19/02/2018,-0.61
20/02/2018,-0.61
21/02/2018,-0.6
22/02/2018,-0.59
23/02/2018,-0.6
26/02/2018,-0.6
27/02/2018,-0.59
28/02/2018,-0.6
01/03/2018,-0.6
02/03/2018,-0.6
05/03/2018,-0.63
06/03/2018,-0.63
07/03/2018,-0.62
08/03/2018,-0.63
09/03/2018,-0.64
12/03/2018,-0.65
13/03/2018,-0.64
14/03/2018,-0.65
15/03/2018,-0.65
16/03/2018,-0.66
19/03/2018,-0.65
20/03/2018,-0.64
21/03/2018,-0.62
22/03/2018,-0.62
23/03/2018,-0.61
26/03/2018,-0.62
27/03/2018,-0.63
28/03/2018,-0.62
29/03/2018,-0.6
30/03/2018,-0.6
02/04/2018,-0.6
03/04/2018,-0.59
04/04/2018,-0.58
05/04/2018,-0.57
06/04/2018,-0.57
09/04/2018,-0.57
10/04/2018,-0.56
11/04/2018,-0.57
12/04/2018,-0.56
13/04/2018,-0.56
16/04/2018,-0.57
17/04/2018,-0.57
18/04/2018,-0.57
19/04/2018,-0.57
20/04/2018,-0.57
23/04/2018,-0.56
24/04/2018,-0.56
25/04/2018,-0.56
26/04/2018,-0.56
27/04/2018,-0.56
30/04/2018,-0.56
01/05/2018,-0.56
02/05/2018,-0.55
03/05/2018,-0.56
04/05/2018,-0.55
07/05/2018,-0.56
08/05/2018,-0.55
09/05/2018,-0.55
10/05/2018,-0.54
11/05/2018,-0.54
14/05/2018,-0.54
15/05/2018,-0.55
16/05/2018,-0.54
17/05/2018,-0.54
18/05/2018,-0.54
21/05/2018,-0.55
22/05/2018,-0.55
23/05/2018,-0.55
24/05/2018,-0.56
25/05/2018,-0.53
28/05/2018,-0.58
29/05/2018,-0.59
30/05/2018,-0.67
31/05/2018,-0.65
01/06/2018,-0.59
04/06/2018,-0.63
05/06/2018,-0.6
06/06/2018,-0.6
07/06/2018,-0.56
08/06/2018,-0.57
11/06/2018,-0.57
12/06/2018,-0.57
13/06/2018,-0.56
14/06/2018,-0.56
15/06/2018,-0.56
18/06/2018,-0.57
19/06/2018,-0.57
20/06/2018,-0.59
21/06/2018,-0.6
22/06/2018,-0.62
25/06/2018,-0.62
26/06/2018,-0.62
27/06/2018,-0.63
28/06/2018,-0.61
29/06/2018,-0.6
02/07/2018,-0.61
03/07/2018,-0.61
04/07/2018,-0.63
05/07/2018,-0.63
06/07/2018,-0.61
09/07/2018,-0.6
10/07/2018,-0.58
11/07/2018,-0.6
12/07/2018,-0.6
13/07/2018,-0.6
16/07/2018,-0.6
17/07/2018,-0.6
18/07/2018,-0.56
19/07/2018,-0.55
20/07/2018,-0.55
23/07/2018,-0.55
24/07/2018,-0.54
25/07/2018,-0.55
26/07/2018,-0.54
27/07/2018,-0.54
30/07/2018,-0.54
31/07/2018,-0.54
01/08/2018,-0.53
02/08/2018,-0.52
03/08/2018,-0.52
06/08/2018,-0.52
07/08/2018,-0.52
08/08/2018,-0.53
09/08/2018,-0.53
10/08/2018,-0.51
13/08/2018,-0.51
14/08/2018,-0.53
15/08/2018,-0.53
16/08/2018,-0.53
17/08/2018,-0.53
20/08/2018,-0.54
21/08/2018,-0.54
22/08/2018,-0.54
23/08/2018,-0.54
24/08/2018,-0.54
27/08/2018,-0.55
28/08/2018,-0.55
29/08/2018,-0.54
30/08/2018,-0.54
31/08/2018,-0.54
03/09/2018,-0.54
04/09/2018,-0.54
05/09/2018,-0.57
06/09/2018,-0.57
07/09/2018,-0.58
10/09/2018,-0.57
11/09/2018,-0.58
12/09/2018,-0.59
13/09/2018,-0.58
14/09/2018,-0.57
17/09/2018,-0.57
18/09/2018,-0.57
19/09/2018,-0.57
20/09/2018,-0.58
21/09/2018,-0.58
24/09/2018,-0.59
25/09/2018,-0.58
26/09/2018,-0.58
27/09/2018,-0.58
28/09/2018,-0.58
01/10/2018,-0.58
02/10/2018,-0.59
03/10/2018,-0.58
04/10/2018,-0.64
05/10/2018,-0.65
08/10/2018,-0.65
09/10/2018,-0.66
10/10/2018,-0.68
11/10/2018,-0.71
12/10/2018,-0.74
15/10/2018,-0.76
16/10/2018,-0.75
17/10/2018,-0.76
18/10/2018,-0.71
19/10/2018,-0.71
22/10/2018,-0.7
23/10/2018,-0.68
24/10/2018,-0.72
25/10/2018,-0.73
26/10/2018,-0.76
29/10/2018,-0.75
30/10/2018,-0.76
31/10/2018,-0.75
01/11/2018,-0.74
02/11/2018,-0.73
05/11/2018,-0.72
06/11/2018,-0.73
07/11/2018,-0.72
08/11/2018,-0.72
09/11/2018,-0.7
12/11/2018,-0.68
13/11/2018,-0.68
14/11/2018,-0.68
15/11/2018,-0.7
16/11/2018,-0.71
19/11/2018,-0.71
20/11/2018,-0.72
21/11/2018,-0.72
22/11/2018,-0.73
23/11/2018,-0.79
26/11/2018,-0.78
27/11/2018,-0.84
28/11/2018,-0.81
29/11/2018,-0.73
30/11/2018,-0.7
03/12/2018,-0.72
04/12/2018,-0.79
05/12/2018,-0.78
06/12/2018,-0.68
07/12/2018,-0.69
10/12/2018,-0.72
11/12/2018,-0.75
12/12/2018,-0.74
13/12/2018,-0.75
14/12/2018,-0.84
17/12/2018,-0.88
18/12/2018,-0.9
19/12/2018,-0.91
20/12/2018,-0.91
21/12/2018,-0.93
24/12/2018,-0.94
25/12/2018,-0.94
26/12/2018,-0.94
27/12/2018,-0.89
28/12/2018,-0.89
31/12/2018,-0.9
01/01/2019,-0.9
02/01/2019,-0.9
03/01/2019,-0.57
04/01/2019,-0.57
07/01/2019,-0.56
08/01/2019,-0.55
09/01/2019,-0.55
10/01/2019,-0.54
11/01/2019,-0.54
14/01/2019,-0.53
15/01/2019,-0.54
16/01/2019,-0.54
17/01/2019,-0.54
18/01/2019,-0.54
21/01/2019,-0.54
22/01/2019,-0.54
23/01/2019,-0.54
24/01/2019,-0.53
25/01/2019,-0.53
28/01/2019,-0.53
29/01/2019,-0.53
30/01/2019,-0.52
31/01/2019,-0.52
01/02/2019,-0.51
04/02/2019,-0.51
05/02/2019,-0.5
06/02/2019,-0.5
07/02/2019,-0.51
08/02/2019,-0.49
11/02/2019,-0.48
12/02/2019,-0.5
13/02/2019,-0.5
14/02/2019,-0.49
15/02/2019,-0.5
18/02/2019,-0.5
19/02/2019,-0.5
20/02/2019,-0.5
21/02/2019,-0.5
22/02/2019,-0.51
25/02/2019,-0.51
26/02/2019,-0.52
27/02/2019,-0.52
28/02/2019,-0.51
01/03/2019,-0.5
04/03/2019,-0.52
05/03/2019,-0.53
06/03/2019,-0.51
07/03/2019,-0.52
08/03/2019,-0.52
11/03/2019,-0.51
12/03/2019,-0.51
13/03/2019,-0.52
14/03/2019,-0.51
15/03/2019,-0.5
18/03/2019,-0.51
19/03/2019,-0.51
20/03/2019,-0.51
21/03/2019,-0.52
22/03/2019,-0.53
25/03/2019,-0.52
26/03/2019,-0.53
27/03/2019,-0.52
28/03/2019,-0.53
29/03/2019,-0.52
01/04/2019,-0.51
02/04/2019,-0.51
03/04/2019,-0.52
04/04/2019,-0.52
05/04/2019,-0.52
08/04/2019,-0.52
09/04/2019,-0.51
10/04/2019,-0.52
11/04/2019,-0.52
12/04/2019,-0.52
15/04/2019,-0.51
16/04/2019,-0.52
17/04/2019,-0.52
18/04/2019,-0.52
19/04/2019,-0.52
22/04/2019,-0.52
23/04/2019,-0.52
24/04/2019,-0.52
25/04/2019,-0.53
26/04/2019,-0.52
29/04/2019,-0.54
30/04/2019,-0.54
01/05/2019,-0.54
02/05/2019,-0.55
03/05/2019,-0.56
06/05/2019,-0.56
07/05/2019,-0.58
08/05/2019,-0.59
09/05/2019,-0.59
10/05/2019,-0.54
13/05/2019,-0.54
14/05/2019,-0.53
15/05/2019,-0.53
16/05/2019,-0.53
17/05/2019,-0.53
20/05/2019,-0.52
21/05/2019,-0.52
22/05/2019,-0.52
23/05/2019,-0.52
24/05/2019,-0.54
27/05/2019,-0.55
28/05/2019,-0.53
29/05/2019,-0.54
30/05/2019,-0.54
31/05/2019,-0.52
03/06/2019,-0.53
04/06/2019,-0.53
05/06/2019,-0.53
06/06/2019,-0.53
07/06/2019,-0.53
10/06/2019,-0.52
11/06/2019,-0.53
12/06/2019,-0.53
13/06/2019,-0.53
14/06/2019,-0.54
17/06/2019,-0.55
18/06/2019,-0.56
19/06/2019,-0.55
20/06/2019,-0.55
21/06/2019,-0.55
24/06/2019,-0.55
25/06/2019,-0.56
26/06/2019,-0.56
27/06/2019,-0.55
28/06/2019,-0.55
01/07/2019,-0.54
02/07/2019,-0.55
03/07/2019,-0.53
04/07/2019,-0.53
05/07/2019,-0.53
08/07/2019,-0.54
09/07/2019,-0.53
10/07/2019,-0.55
11/07/2019,-0.53
12/07/2019,-0.53
15/07/2019,-0.53
16/07/2019,-0.55
17/07/2019,-0.56
18/07/2019,-0.54
19/07/2019,-0.54
22/07/2019,-0.54
23/07/2019,-0.54
24/07/2019,-0.55
25/07/2019,-0.55
26/07/2019,-0.54
29/07/2019,-0.53
30/07/2019,-0.52
31/07/2019,-0.52
01/08/2019,-0.51
02/08/2019,-0.51
05/08/2019,-0.51
06/08/2019,-0.52
07/08/2019,-0.53
08/08/2019,-0.55
09/08/2019,-0.57
12/08/2019,-0.57
13/08/2019,-0.6
14/08/2019,-0.62
15/08/2019,-0.64
16/08/2019,-0.68
19/08/2019,-0.67
20/08/2019,-0.68
21/08/2019,-0.66
22/08/2019,-0.6
23/08/2019,-0.6
26/08/2019,-0.6
27/08/2019,-0.62
28/08/2019,-0.61
29/08/2019,-0.64
30/08/2019,-0.63
02/09/2019,-0.65
03/09/2019,-0.65
04/09/2019,-0.65
05/09/2019,-0.65
06/09/2019,-0.63
09/09/2019,-0.63
10/09/2019,-0.63
11/09/2019,-0.67
12/09/2019,-0.65
13/09/2019,-0.62
16/09/2019,-0.62
17/09/2019,-0.62
18/09/2019,-0.61
19/09/2019,-0.6
20/09/2019,-0.59
23/09/2019,-0.6
24/09/2019,-0.6
25/09/2019,-0.59
26/09/2019,-0.6
27/09/2019,-0.62
30/09/2019,-0.61
01/10/2019,-0.66
02/10/2019,-0.66
03/10/2019,-0.65
04/10/2019,-0.65
07/10/2019,-0.62
08/10/2019,-0.63
09/10/2019,-0.63
10/10/2019,-0.63
11/10/2019,-0.64
14/10/2019,-0.6
15/10/2019,-0.6
16/10/2019,-0.59
17/10/2019,-0.59
18/10/2019,-0.6
21/10/2019,-0.61
22/10/2019,-0.63
23/10/2019,-0.64
24/10/2019,-0.64
25/10/2019,-0.65
28/10/2019,-0.64
29/10/2019,-0.62
30/10/2019,-0.62
31/10/2019,-0.61
01/11/2019,-0.61
04/11/2019,-0.6
05/11/2019,-0.59
06/11/2019,-0.59
07/11/2019,-0.58
08/11/2019,-0.58
11/11/2019,-0.58
12/11/2019,-0.56
13/11/2019,-0.57
14/11/2019,-0.58
15/11/2019,-0.59
18/11/2019,-0.6
19/11/2019,-0.59
20/11/2019,-0.59
21/11/2019,-0.58
22/11/2019,-0.56
25/11/2019,-0.57
26/11/2019,-0.57
27/11/2019,-0.57
28/11/2019,-0.59
29/11/2019,-0.6
02/12/2019,-0.57
03/12/2019,-0.6
04/12/2019,-0.59
05/12/2019,-0.59
06/12/2019,-0.59
09/12/2019,-0.57
10/12/2019,-0.56
11/12/2019,-0.56
12/12/2019,-0.58
13/12/2019,-0.55
16/12/2019,-0.57
17/12/2019,-0.61
18/12/2019,-0.66
19/12/2019,-0.63
20/12/2019,-0.61
23/12/2019,-0.63
24/12/2019,-0.6
25/12/2019,-0.6
26/12/2019,-0.6
27/12/2019,-0.56
30/12/2019,-0.56
31/12/2019,-0.56
01/01/2020,-0.56
02/01/2020,-0.58
03/01/2020,-0.52
06/01/2020,-0.52
07/01/2020,-0.52
08/01/2020,-0.6
09/01/2020,-0.6
10/01/2020,-0.6
13/01/2020,-0.57
14/01/2020,-0.57
15/01/2020,-0.57
16/01/2020,-0.57
17/01/2020,-0.57
20/01/2020,-0.57
21/01/2020,-0.57
22/01/2020,-0.57
23/01/2020,-0.57
24/01/2020,-0.57
27/01/2020,-0.57
28/01/2020,-0.57
29/01/2020,-0.57
30/01/2020,-0.57
31/01/2020,-0.57
03/02/2020,-0.57
04/02/2020,-0.56
05/02/2020,-0.56
06/02/2020,-0.56
07/02/2020,-0.56
10/02/2020,-0.56
11/02/2020,-0.57
12/02/2020,-0.57
13/02/2020,-0.57
14/02/2020,-0.57
17/02/2020,-0.57
18/02/2020,-0.57
19/02/2020,-0.57
20/02/2020,-0.57
21/02/2020,-0.57
24/02/2020,-0.57
25/02/2020,-0.57
26/02/2020,-0.57
27/02/2020,-0.6
28/02/2020,-0.59
02/03/2020,-0.61
03/03/2020,-0.62
04/03/2020,-0.62
05/03/2020,-0.63
06/03/2020,-0.65
09/03/2020,-0.66
10/03/2020,-0.65
11/03/2020,-0.69
12/03/2020,-0.73
13/03/2020,-0.76
16/03/2020,-0.65
17/03/2020,-0.66
18/03/2020,-0.61
19/03/2020,-0.53
20/03/2020,-0.54
23/03/2020,-0.54
24/03/2020,-0.52
25/03/2020,-0.48
26/03/2020,-0.48
27/03/2020,-0.49
30/03/2020,-0.49
31/03/2020,-0.47
01/04/2020,-0.48
02/04/2020,-0.48
03/04/2020,-0.47
06/04/2020,-0.44
07/04/2020,-0.44
08/04/2020,-0.44
09/04/2020,-0.43
10/04/2020,-0.43
13/04/2020,-0.43
14/04/2020,-0.4
15/04/2020,-0.41
16/04/2020,-0.41
17/04/2020,-0.41
20/04/2020,-0.4
21/04/2020,-0.4
22/04/2020,-0.41
23/04/2020,-0.41
24/04/2020,-0.43
27/04/2020,-0.42
28/04/2020,-0.45
29/04/2020,-0.47
30/04/2020,-0.47
01/05/2020,-0.47
04/05/2020,-0.47
05/05/2020,-0.48
06/05/2020,-0.47
07/05/2020,-0.48
08/05/2020,-0.48
11/05/2020,-0.51
12/05/2020,-0.51
13/05/2020,-0.52
14/05/2020,-0.47
15/05/2020,-0.47
18/05/2020,-0.49
19/05/2020,-0.48
20/05/2020,-0.48
21/05/2020,-0.49
22/05/2020,-0.49
25/05/2020,-0.48
26/05/2020,-0.48
27/05/2020,-0.48
28/05/2020,-0.5
29/05/2020,-0.49
01/06/2020,-0.49
02/06/2020,-0.5
03/06/2020,-0.49
04/06/2020,-0.49
05/06/2020,-0.48
08/06/2020,-0.48
09/06/2020,-0.49
10/06/2020,-0.49
11/06/2020,-0.49
12/06/2020,-0.51
15/06/2020,-0.5
16/06/2020,-0.51
17/06/2020,-0.52
18/06/2020,-0.53
19/06/2020,-0.55
22/06/2020,-0.54
23/06/2020,-0.53
24/06/2020,-0.53
25/06/2020,-0.52
26/06/2020,-0.52
29/06/2020,-0.51
30/06/2020,-0.51
01/07/2020,-0.51
02/07/2020,-0.52
03/07/2020,-0.52
06/07/2020,-0.53
07/07/2020,-0.54
08/07/2020,-0.54
09/07/2020,-0.54
10/07/2020,-0.54
13/07/2020,-0.54
14/07/2020,-0.54
15/07/2020,-0.54
16/07/2020,-0.55
17/07/2020,-0.55
20/07/2020,-0.55
21/07/2020,-0.55
22/07/2020,-0.55
23/07/2020,-0.56
24/07/2020,-0.56
27/07/2020,-0.55
28/07/2020,-0.55
29/07/2020,-0.55
30/07/2020,-0.56
31/07/2020,-0.56
03/08/2020,-0.56
04/08/2020,-0.56
05/08/2020,-0.56
06/08/2020,-0.56
07/08/2020,-0.55
10/08/2020,-0.56
11/08/2020,-0.55
12/08/2020,-0.55
13/08/2020,-0.55
14/08/2020,-0.55
17/08/2020,-0.55
18/08/2020,-0.55
19/08/2020,-0.55
20/08/2020,-0.55
21/08/2020,-0.55
24/08/2020,-0.55
25/08/2020,-0.53
26/08/2020,-0.55
27/08/2020,-0.55
28/08/2020,-0.55
31/08/2020,-0.55
01/09/2020,-0.55
02/09/2020,-0.55
03/09/2020,-0.55
04/09/2020,-0.57
07/09/2020,-0.57
08/09/2020,-0.56
09/09/2020,-0.57
10/09/2020,-0.56
11/09/2020,-0.57
14/09/2020,-0.56
15/09/2020,-0.56
16/09/2020,-0.56
17/09/2020,-0.57
18/09/2020,-0.57
21/09/2020,-0.57
22/09/2020,-0.57
23/09/2020,-0.58
24/09/2020,-0.58
25/09/2020,-0.58
28/09/2020,-0.58
29/09/2020,-0.58
30/09/2020,-0.58
01/10/2020,-0.6
02/10/2020,-0.58
05/10/2020,-0.59
06/10/2020,-0.61
07/10/2020,-0.61
08/10/2020,-0.63
09/10/2020,-0.62
12/10/2020,-0.61
13/10/2020,-0.65
14/10/2020,-0.65
15/10/2020,-0.64
16/10/2020,-0.66
19/10/2020,-0.68
20/10/2020,-0.68
21/10/2020,-0.68
22/10/2020,-0.69
23/10/2020,-0.69
26/10/2020,-0.68
27/10/2020,-0.69
28/10/2020,-0.68
29/10/2020,-0.68
30/10/2020,-0.69
02/11/2020,-0.69
03/11/2020,-0.69
04/11/2020,-0.69
05/11/2020,-0.7
06/11/2020,-0.7
09/11/2020,-0.7
10/11/2020,-0.62
11/11/2020,-0.61
12/11/2020,-0.61
13/11/2020,-0.61
16/11/2020,-0.6
17/11/2020,-0.61
18/11/2020,-0.62
19/11/2020,-0.61
20/11/2020,-0.62
23/11/2020,-0.63
24/11/2020,-0.63
25/11/2020,-0.63
26/11/2020,-0.64
27/11/2020,-0.64
30/11/2020,-0.65
01/12/2020,-0.65
02/12/2020,-0.66
03/12/2020,-0.68
04/12/2020,-0.69
07/12/2020,-0.69
08/12/2020,-0.71
09/12/2020,-0.7
10/12/2020,-0.71
11/12/2020,-0.67
14/12/2020,-0.73
15/12/2020,-0.7
16/12/2020,-0.73
17/12/2020,-0.77
18/12/2020,-0.77
21/12/2020,-0.77
22/12/2020,-0.75
23/12/2020,-0.73
24/12/2020,-0.71
25/12/2020,-0.71
28/12/2020,-0.76
29/12/2020,-0.77
30/12/2020,-0.76
31/12/2020,-0.74
01/01/2021,-0.74
04/01/2021,-0.61
05/01/2021,-0.64
06/01/2021,-0.65
07/01/2021,-0.61
08/01/2021,-0.63
11/01/2021,-0.64
12/01/2021,-0.63
13/01/2021,-0.6
14/01/2021,-0.61
15/01/2021,-0.61
18/01/2021,-0.6
19/01/2021,-0.61
20/01/2021,-0.61
21/01/2021,-0.6
22/01/2021,-0.61
25/01/2021,-0.61
26/01/2021,-0.61
27/01/2021,-0.62
28/01/2021,-0.61
29/01/2021,-0.62
01/02/2021,-0.62
02/02/2021,-0.62
03/02/2021,-0.61
04/02/2021,-0.62
05/02/2021,-0.62
08/02/2021,-0.62
09/02/2021,-0.62
10/02/2021,-0.62
11/02/2021,-0.62
12/02/2021,-0.62
15/02/2021,-0.62
16/02/2021,-0.62
17/02/2021,-0.63
18/02/2021,-0.61
19/02/2021,-0.61
22/02/2021,-0.61
23/02/2021,-0.61
24/02/2021,-0.61
25/02/2021,-0.61
26/02/2021,-0.61
01/03/2021,-0.6
02/03/2021,-0.61
03/03/2021,-0.62
04/03/2021,-0.62
05/03/2021,-0.63
08/03/2021,-0.62
09/03/2021,-0.62
10/03/2021,-0.62
11/03/2021,-0.61
12/03/2021,-0.61
15/03/2021,-0.61
16/03/2021,-0.6
17/03/2021,-0.61
18/03/2021,-0.61
19/03/2021,-0.61
22/03/2021,-0.61
23/03/2021,-0.6
24/03/2021,-0.61
25/03/2021,-0.62
26/03/2021,-0.62
29/03/2021,-0.62
30/03/2021,-0.62
31/03/2021,-0.61
01/04/2021,-0.61
02/04/2021,-0.61
05/04/2021,-0.61
06/04/2021,-0.61
07/04/2021,-0.62
08/04/2021,-0.61
09/04/2021,-0.61
12/04/2021,-0.62
13/04/2021,-0.61
14/04/2021,-0.61
15/04/2021,-0.62
16/04/2021,-0.62
19/04/2021,-0.61
20/04/2021,-0.61
21/04/2021,-0.62
22/04/2021,-0.62
23/04/2021,-0.62
26/04/2021,-0.61
27/04/2021,-0.62
28/04/2021,-0.61
29/04/2021,-0.62
30/04/2021,-0.61
03/05/2021,-0.61
04/05/2021,-0.62
05/05/2021,-0.62
06/05/2021,-0.62
07/05/2021,-0.6
10/05/2021,-0.63
11/05/2021,-0.62
12/05/2021,-0.62
13/05/2021,-0.62
14/05/2021,-0.62
17/05/2021,-0.62
18/05/2021,-0.62
19/05/2021,-0.63
20/05/2021,-0.63
21/05/2021,-0.64
24/05/2021,-0.63
25/05/2021,-0.63
26/05/2021,-0.63
27/05/2021,-0.63
28/05/2021,-0.63
31/05/2021,-0.63
01/06/2021,-0.62
02/06/2021,-0.62
03/06/2021,-0.63
04/06/2021,-0.62
07/06/2021,-0.62
08/06/2021,-0.64
09/06/2021,-0.63
10/06/2021,-0.63
11/06/2021,-0.63
14/06/2021,-0.63
15/06/2021,-0.63
16/06/2021,-0.63
17/06/2021,-0.63
18/06/2021,-0.64
21/06/2021,-0.63
22/06/2021,-0.62
23/06/2021,-0.63
24/06/2021,-0.64
25/06/2021,-0.64
28/06/2021,-0.63
29/06/2021,-0.63
30/06/2021,-0.63
01/07/2021,-0.63
02/07/2021,-0.63
05/07/2021,-0.64
06/07/2021,-0.64
07/07/2021,-0.63
08/07/2021,-0.64
09/07/2021,-0.64
12/07/2021,-0.64
13/07/2021,-0.65
14/07/2021,-0.64
15/07/2021,-0.63
16/07/2021,-0.65
19/07/2021,-0.64
20/07/2021,-0.64
21/07/2021,-0.63
22/07/2021,-0.63
23/07/2021,-0.64
26/07/2021,-0.63
27/07/2021,-0.63
28/07/2021,-0.63
29/07/2021,-0.63
30/07/2021,-0.63
02/08/2021,-0.64
03/08/2021,-0.64
04/08/2021,-0.64
05/08/2021,-0.64
06/08/2021,-0.63
09/08/2021,-0.63
10/08/2021,-0.63
11/08/2021,-0.64
12/08/2021,-0.64
13/08/2021,-0.63
16/08/2021,-0.64
17/08/2021,-0.64
18/08/2021,-0.64
19/08/2021,-0.64
20/08/2021,-0.64
23/08/2021,-0.64
24/08/2021,-0.64
25/08/2021,-0.64
26/08/2021,-0.64
27/08/2021,-0.64
30/08/2021,-0.64
31/08/2021,-0.64
01/09/2021,-0.64
02/09/2021,-0.63
03/09/2021,-0.64
06/09/2021,-0.66
07/09/2021,-0.66
08/09/2021,-0.66
09/09/2021,-0.66
10/09/2021,-0.66
13/09/2021,-0.67
14/09/2021,-0.67
15/09/2021,-0.68
16/09/2021,-0.68
17/09/2021,-0.69
20/09/2021,-0.68
21/09/2021,-0.68
22/09/2021,-0.68
23/09/2021,-0.69
24/09/2021,-0.68
27/09/2021,-0.7
28/09/2021,-0.71
29/09/2021,-0.71
30/09/2021,-0.73
01/10/2021,-0.72
04/10/2021,-0.71
05/10/2021,-0.73
06/10/2021,-0.73
07/10/2021,-0.73
08/10/2021,-0.73
11/10/2021,-0.73
12/10/2021,-0.72
13/10/2021,-0.71
14/10/2021,-0.73
15/10/2021,-0.72
18/10/2021,-0.72
19/10/2021,-0.72
20/10/2021,-0.72
21/10/2021,-0.73
22/10/2021,-0.73
25/10/2021,-0.74
26/10/2021,-0.74
27/10/2021,-0.78
28/10/2021,-0.77
29/10/2021,-0.77
01/11/2021,-0.77
02/11/2021,-0.83
03/11/2021,-0.84
04/11/2021,-0.83
05/11/2021,-0.83
08/11/2021,-0.72
09/11/2021,-0.79
10/11/2021,-0.8
11/11/2021,-0.78
12/11/2021,-0.83
15/11/2021,-0.85
16/11/2021,-0.87
17/11/2021,-0.87
18/11/2021,-0.9
19/11/2021,-0.88
22/11/2021,-0.88
23/11/2021,-0.85
24/11/2021,-0.91
25/11/2021,-0.89
26/11/2021,-0.86
29/11/2021,-0.86
30/11/2021,-0.89
01/12/2021,-0.84
02/12/2021,-0.89
03/12/2021,-0.88
06/12/2021,-0.86
07/12/2021,-0.81
08/12/2021,-0.81
09/12/2021,-0.81
10/12/2021,-0.72
13/12/2021,-0.69
14/12/2021,-0.7
15/12/2021,-0.74
16/12/2021,-0.72
17/12/2021,-0.74
20/12/2021,-0.71
21/12/2021,-0.7
22/12/2021,-0.7
23/12/2021,-0.65
24/12/2021,-0.66
27/12/2021,-0.65
28/12/2021,-0.65
29/12/2021,-0.64
30/12/2021,-0.66
31/12/2021,-0.74
03/01/2022,-0.63
04/01/2022,-0.64
05/01/2022,-0.63
06/01/2022,-0.61
07/01/2022,-0.6
10/01/2022,-0.59
11/01/2022,-0.62
12/01/2022,-0.59
13/01/2022,-0.63
14/01/2022,-0.63
17/01/2022,-0.63
18/01/2022,-0.64
19/01/2022,-0.64
20/01/2022,-0.65
21/01/2022,-0.65
24/01/2022,-0.65
25/01/2022,-0.66
26/01/2022,-0.65
27/01/2022,-0.57
28/01/2022,-0.63
31/01/2022,-0.63
01/02/2022,-0.64
02/02/2022,-0.62
03/02/2022,-0.63
04/02/2022,-0.65
07/02/2022,-0.6
08/02/2022,-0.64
09/02/2022,-0.64
10/02/2022,-0.65
11/02/2022,-0.64
14/02/2022,-0.68
15/02/2022,-0.69
16/02/2022,-0.67
17/02/2022,-0.69
18/02/2022,-0.67
21/02/2022,-0.67
22/02/2022,-0.67
23/02/2022,-0.67
24/02/2022,-0.67
25/02/2022,-0.67
28/02/2022,-0.71
01/03/2022,-0.72
02/03/2022,-0.71
03/03/2022,-0.72
04/03/2022,-0.71
07/03/2022,-0.74
08/03/2022,-0.7
09/03/2022,-0.69
10/03/2022,-0.68
11/03/2022,-0.68
14/03/2022,-0.68
15/03/2022,-0.68
16/03/2022,-0.66
17/03/2022,-0.67
18/03/2022,-0.68
21/03/2022,-0.68
22/03/2022,-0.66
23/03/2022,-0.63
24/03/2022,-0.67
25/03/2022,-0.65
28/03/2022,-0.67
29/03/2022,-0.67
30/03/2022,-0.65
31/03/2022,-0.59
01/04/2022,-0.64
04/04/2022,-0.61
05/04/2022,-0.6
06/04/2022,-0.6
07/04/2022,-0.59
08/04/2022,-0.59
11/04/2022,-0.58
12/04/2022,-0.63
13/04/2022,-0.63
14/04/2022,-0.6
15/04/2022,-0.6
18/04/2022,-0.6
19/04/2022,-0.62
20/04/2022,-0.64
21/04/2022,-0.66
22/04/2022,-0.66
25/04/2022,-0.65
26/04/2022,-0.66
27/04/2022,-0.66
28/04/2022,-0.66
29/04/2022,-0.64
02/05/2022,-0.64
03/05/2022,-0.64
04/05/2022,-0.64
05/05/2022,-0.63
06/05/2022,-0.63
09/05/2022,-0.62
10/05/2022,-0.62
11/05/2022,-0.5
12/05/2022,-0.51
13/05/2022,-0.5
16/05/2022,-0.51
17/05/2022,-0.5
18/05/2022,-0.49
19/05/2022,-0.49
20/05/2022,-0.5
23/05/2022,-0.5
24/05/2022,-0.5
25/05/2022,-0.53
26/05/2022,-0.53
27/05/2022,-0.53
30/05/2022,-0.52
31/05/2022,-0.53
01/06/2022,-0.52
02/06/2022,-0.5
03/06/2022,-0.49
06/06/2022,-0.48
07/06/2022,-0.45
08/06/2022,-0.45
09/06/2022,-0.47
10/06/2022,-0.46
13/06/2022,-0.42
14/06/2022,-0.39
15/06/2022,-0.41
16/06/2022,-0.41
17/06/2022,-0.4
20/06/2022,-0.45
21/06/2022,-0.48
22/06/2022,-0.48
23/06/2022,-0.48
24/06/2022,-0.5
27/06/2022,-0.51
28/06/2022,-0.47
29/06/2022,-0.45
30/06/2022,-0.47
01/07/2022,-0.45
04/07/2022,-0.41
05/07/2022,-0.45
06/07/2022,-0.47
07/07/2022,-0.44
08/07/2022,-0.43
11/07/2022,-0.11
12/07/2022,-0.13
13/07/2022,-0.14
14/07/2022,-0.1
15/07/2022,-0.1
18/07/2022,-0.1
19/07/2022,-0.04
20/07/2022,0
21/07/2022,0.07
22/07/2022,0.02
25/07/2022,0.03
26/07/2022,0.03
27/07/2022,0.05
28/07/2022,0.07
29/07/2022,0.08
01/08/2022,0.08
02/08/2022,0.06
03/08/2022,0.06
04/08/2022,0.03
05/08/2022,0.04
08/08/2022,0.05
09/08/2022,0
10/08/2022,-0.02
11/08/2022,-0.02
12/08/2022,-0.02
15/08/2022,-0.03
16/08/2022,0
17/08/2022,0.03
18/08/2022,0.02
19/08/2022,0.04
22/08/2022,0.02
23/08/2022,0.02
24/08/2022,0.01
25/08/2022,-0.03
26/08/2022,-0.03
29/08/2022,0.02
30/08/2022,0.03
31/08/2022,0.03
01/09/2022,0.05
02/09/2022,0.09
05/09/2022,0.2
06/09/2022,0.24
07/09/2022,0.37
08/09/2022,0.55
09/09/2022,0.53
12/09/2022,0.63
13/09/2022,0.69
14/09/2022,0.6
15/09/2022,0.59
16/09/2022,0.72
19/09/2022,0.8
20/09/2022,0.82
21/09/2022,0.8
22/09/2022,0.82
23/09/2022,0.86
26/09/2022,0.93
27/09/2022,0.84
28/09/2022,0.83
29/09/2022,0.91
30/09/2022,0.86
03/10/2022,0.85
04/10/2022,0.81
05/10/2022,0.85
06/10/2022,0.87
07/10/2022,0.88
10/10/2022,0.89
11/10/2022,0.93
12/10/2022,0.99
13/10/2022,1.01
14/10/2022,1.07
17/10/2022,1.06
18/10/2022,0.97
19/10/2022,1
20/10/2022,1.02
21/10/2022,1.03
24/10/2022,0.97
25/10/2022,1.01
26/10/2022,0.98
27/10/2022,1.02
28/10/2022,1
31/10/2022,1.02
01/11/2022,1.07
02/11/2022,1.03
03/11/2022,1.11
04/11/2022,1.06
07/11/2022,1.71
08/11/2022,1.72
09/11/2022,1.67
10/11/2022,1.67
11/11/2022,1.65
14/11/2022,1.67
15/11/2022,1.69
16/11/2022,1.65
17/11/2022,1.73
18/11/2022,1.63
21/11/2022,1.62
22/11/2022,1.59
23/11/2022,1.62
24/11/2022,1.63
25/11/2022,1.69
28/11/2022,1.66
29/11/2022,1.64
30/11/2022,1.71
01/12/2022,1.64
02/12/2022,1.67
05/12/2022,1.66
06/12/2022,1.63
07/12/2022,1.64
08/12/2022,1.7
09/12/2022,1.72
12/12/2022,1.78
13/12/2022,1.83
14/12/2022,1.83
15/12/2022,1.82
16/12/2022,1.81
19/12/2022,1.86
20/12/2022,1.87
21/12/2022,1.85
22/12/2022,1.83
23/12/2022,1.86
26/12/2022,1.86
27/12/2022,1.81
28/12/2022,1.81
29/12/2022,1.82
30/12/2022,1.83
02/01/2023,2.02
03/01/2023,1.99
04/01/2023,2
05/01/2023,2.03
06/01/2023,2.05
09/01/2023,2.4
10/01/2023,2.39
11/01/2023,2.38
12/01/2023,2.36
13/01/2023,2.37
16/01/2023,2.39
17/01/2023,2.34
18/01/2023,2.36
19/01/2023,2.41
20/01/2023,2.45
23/01/2023,2.45
24/01/2023,2.4
25/01/2023,2.44
26/01/2023,2.44
27/01/2023,2.46
30/01/2023,2.45
31/01/2023,2.5
01/02/2023,2.51
02/02/2023,2.54
03/02/2023,2.57
06/02/2023,2.57
07/02/2023,2.52
08/02/2023,2.6
09/02/2023,2.6
10/02/2023,2.59
13/02/2023,2.61
14/02/2023,2.62
15/02/2023,2.62
16/02/2023,2.64
17/02/2023,2.64
20/02/2023,2.68
21/02/2023,2.67
22/02/2023,2.67
23/02/2023,2.69
24/02/2023,2.68
27/02/2023,2.69
28/02/2023,2.7
01/03/2023,2.7
02/03/2023,2.7
03/03/2023,2.67
06/03/2023,3.06
07/03/2023,3.04
08/03/2023,3.01
09/03/2023,3.04
10/03/2023,3.01
13/03/2023,2.87
14/03/2023,2.8
15/03/2023,2.72
16/03/2023,2.86
17/03/2023,2.85
20/03/2023,2.86
21/03/2023,2.9
22/03/2023,2.94
23/03/2023,2.94
24/03/2023,2.86
27/03/2023,2.87
28/03/2023,2.85
29/03/2023,2.86
30/03/2023,2.79
31/03/2023,2.89
03/04/2023,2.96
04/04/2023,2.95
05/04/2023,2.95
06/04/2023,2.94
07/04/2023,2.94
10/04/2023,2.94
11/04/2023,2.99
12/04/2023,2.99
13/04/2023,2.93
14/04/2023,3.02
17/04/2023,3.04
18/04/2023,3.04
19/04/2023,3.06
20/04/2023,3.05
21/04/2023,3.03
24/04/2023,3.07
25/04/2023,3.02
26/04/2023,3.01
27/04/2023,3.03
28/04/2023,3.06
01/05/2023,3.06
02/05/2023,3.06
03/05/2023,3
04/05/2023,3.01
05/05/2023,2.99
08/05/2023,3.2
09/05/2023,3.2
10/05/2023,3.2
11/05/2023,3.21
12/05/2023,3.22
15/05/2023,3.22
16/05/2023,3.21
17/05/2023,3.21
18/05/2023,3.22
19/05/2023,3.21
22/05/2023,3.23
23/05/2023,3.22
24/05/2023,3.2
25/05/2023,3.21
26/05/2023,3.26
29/05/2023,3.27
30/05/2023,3.27
31/05/2023,3.23
01/06/2023,3.28
02/06/2023,3.28
05/06/2023,3.33
06/06/2023,3.3
07/06/2023,3.35
08/06/2023,3.35
09/06/2023,3.32
12/06/2023,3.36
13/06/2023,3.35
14/06/2023,3.38
15/06/2023,3.41
16/06/2023,3.38
19/06/2023,3.38
20/06/2023,3.41
21/06/2023,3.38
22/06/2023,3.42
23/06/2023,3.38
26/06/2023,3.41
27/06/2023,3.39
28/06/2023,3.4
29/06/2023,3.39
30/06/2023,3.43
03/07/2023,3.42
04/07/2023,3.46
05/07/2023,3.43
06/07/2023,3.49
07/07/2023,3.49
10/07/2023,3.66
11/07/2023,3.67
12/07/2023,3.63
13/07/2023,3.64
14/07/2023,3.65
17/07/2023,3.65
18/07/2023,3.62
19/07/2023,3.62
20/07/2023,3.63
21/07/2023,3.63
24/07/2023,3.62
25/07/2023,3.63
26/07/2023,3.68
27/07/2023,3.62
28/07/2023,3.62
31/07/2023,3.62
01/08/2023,3.63
02/08/2023,3.63
03/08/2023,3.69
04/08/2023,3.66
07/08/2023,3.66
08/08/2023,3.64
09/08/2023,3.66
10/08/2023,3.68
11/08/2023,3.71
14/08/2023,3.7
15/08/2023,3.7
16/08/2023,3.69
17/08/2023,3.72
18/08/2023,3.71
21/08/2023,3.72
22/08/2023,3.7
23/08/2023,3.68
24/08/2023,3.69
25/08/2023,3.64
28/08/2023,3.65
29/08/2023,3.67
30/08/2023,3.66
31/08/2023,3.65
01/09/2023,3.63
04/09/2023,3.6
05/09/2023,3.61
06/09/2023,3.63
07/09/2023,3.59
08/09/2023,3.6
11/09/2023,3.62
12/09/2023,3.58
13/09/2023,3.71
14/09/2023,3.75
15/09/2023,3.77
18/09/2023,3.78
19/09/2023,3.78
20/09/2023,3.78
21/09/2023,3.78
22/09/2023,3.78
25/09/2023,3.78
26/09/2023,3.77
27/09/2023,3.75
28/09/2023,3.79
29/09/2023,3.79
02/10/2023,3.82
03/10/2023,3.79
04/10/2023,3.8
05/10/2023,3.79
06/10/2023,3.8
09/10/2023,3.77
10/10/2023,3.8
11/10/2023,3.79
12/10/2023,3.79
13/10/2023,3.79
16/10/2023,3.79
17/10/2023,3.78
18/10/2023,3.79
19/10/2023,3.75
20/10/2023,3.76
23/10/2023,3.77
24/10/2023,3.75
25/10/2023,3.77
26/10/2023,3.76
27/10/2023,3.78
30/10/2023,3.78
31/10/2023,3.77
01/11/2023,3.78
02/11/2023,3.75
03/11/2023,3.74
06/11/2023,3.86
07/11/2023,3.81
08/11/2023,3.81
09/11/2023,3.77
10/11/2023,3.72
13/11/2023,3.72
14/11/2023,3.69
15/11/2023,3.71
16/11/2023,3.72
17/11/2023,3.78
20/11/2023,3.79
21/11/2023,3.73
22/11/2023,3.73
23/11/2023,3.73
24/11/2023,3.77
27/11/2023,3.76
28/11/2023,3.77
29/11/2023,3.78
30/11/2023,3.77
01/12/2023,3.75
04/12/2023,3.73
05/12/2023,3.68
06/12/2023,3.73
07/12/2023,3.79
08/12/2023,3.79
11/12/2023,3.75
12/12/2023,3.76
13/12/2023,3.78
14/12/2023,3.75
15/12/2023,3.76
18/12/2023,3.74
19/12/2023,3.7
20/12/2023,3.67
21/12/2023,3.55
22/12/2023,3.65
25/12/2023,3.65
26/12/2023,3.65
27/12/2023,3.64
28/12/2023,3.64
29/12/2023,3.71
